run_id,floor,card_id,card_name,floor_type,encounter
1781853392,2,CARD.ASTRAL_PULSE,Astral Pulse,monster,ENCOUNTER.SHRINKER_BEETLE_WEAK
1781853392,4,CARD.GUIDING_STAR,Guiding Star,monster,ENCOUNTER.FUZZY_WURM_CRAWLER_WEAK
1781853392,5,CARD.GATHER_LIGHT,Gather Light,monster,ENCOUNTER.NIBBITS_WEAK
1781853392,8,CARD.KNOW_THY_PLACE,Know Thy Place,elite,ENCOUNTER.BYRDONIS_ELITE
1781853392,11,CARD.DYING_STAR,Dying Star,monster,ENCOUNTER.FLYCONID_NORMAL
1781853392,12,CARD.PHOTON_CUT,Photon Cut,monster,ENCOUNTER.CUBEX_CONSTRUCT_NORMAL
1781853392,14,CARD.SPOILS_OF_BATTLE,Spoils Of Battle,unknown,ENCOUNTER.SNAPPING_JAXFRUIT_NORMAL
1781853392,17,CARD.SWORD_SAGE,Sword Sage,boss,ENCOUNTER.CEREMONIAL_BEAST_BOSS
1781853392,19,CARD.PARRY,Parry,monster,ENCOUNTER.EXOSKELETONS_WEAK
1781853392,20,CARD.BEGONE,Begone,monster,ENCOUNTER.BOWLBUGS_WEAK
1781853392,22,CARD.KNOW_THY_PLACE,Know Thy Place,monster,ENCOUNTER.HUNTER_KILLER_NORMAL
1781853392,23,CARD.SPOILS_OF_BATTLE,Spoils Of Battle,monster,ENCOUNTER.SLUMBERING_BEETLE_NORMAL
1781853392,24,CARD.CLOAK_OF_STARS,Cloak Of Stars,monster,ENCOUNTER.LOUSE_PROGENITOR_NORMAL
1781853392,28,CARD.COMET,Comet,elite,ENCOUNTER.ENTOMANCER_ELITE
1781853392,30,CARD.GLITTERSTREAM,Glitterstream,monster,ENCOUNTER.MYTES_NORMAL
1781853392,31,CARD.CLOAK_OF_STARS,Cloak Of Stars,elite,ENCOUNTER.DECIMILLIPEDE_ELITE
1781853392,33,CARD.DECISIONS_DECISIONS,Decisions Decisions,boss,ENCOUNTER.KAISER_CRAB_BOSS
1781853392,35,CARD.BULWARK,Bulwark,monster,ENCOUNTER.TURRET_OPERATOR_WEAK
1781853392,36,CARD.MANIFEST_AUTHORITY,Manifest Authority,monster,ENCOUNTER.DEVOTED_SCULPTOR_WEAK
1781853392,37,CARD.SOLAR_STRIKE,Solar Strike,monster,ENCOUNTER.OWL_MAGISTRATE_NORMAL
1781853392,38,CARD.SHINING_STRIKE,Shining Strike,monster,ENCOUNTER.GLOBE_HEAD_NORMAL
1781853392,39,CARD.SPOILS_OF_BATTLE,Spoils Of Battle,unknown,ENCOUNTER.AXEBOTS_NORMAL
1781853392,43,CARD.HIDDEN_CACHE,Hidden Cache,elite,ENCOUNTER.KNIGHTS_ELITE
1781829488,2,CARD.BULWARK,Bulwark,monster,ENCOUNTER.SHRINKER_BEETLE_WEAK
1781829488,3,CARD.WROUGHT_IN_WAR,Wrought In War,monster,ENCOUNTER.FUZZY_WURM_CRAWLER_WEAK
1781829488,5,CARD.FURNACE,Furnace,monster,ENCOUNTER.NIBBITS_WEAK
1781829488,6,CARD.FURNACE,Furnace,monster,ENCOUNTER.OVERGROWTH_CRAWLERS
1781829488,7,CARD.WROUGHT_IN_WAR,Wrought In War,monster,ENCOUNTER.SLITHERING_STRANGLER_NORMAL
1781829488,12,CARD.FOREGONE_CONCLUSION,Foregone Conclusion,monster,ENCOUNTER.NIBBITS_NORMAL
1781829488,14,CARD.SEEKING_EDGE,Seeking Edge,elite,ENCOUNTER.PHROG_PARASITE_ELITE
1781829488,17,CARD.ROYALTIES,Royalties,boss,ENCOUNTER.VANTOM_BOSS
1781829488,19,CARD.CLOAK_OF_STARS,Cloak Of Stars,monster,ENCOUNTER.TUNNELER_WEAK
1781829488,20,CARD.ALIGNMENT,Alignment,monster,ENCOUNTER.BOWLBUGS_WEAK
1781829488,21,CARD.GLITTERSTREAM,Glitterstream,monster,ENCOUNTER.CHOMPERS_NORMAL
1781829488,24,CARD.SOLAR_STRIKE,Solar Strike,elite,ENCOUNTER.ENTOMANCER_ELITE
1781829488,27,CARD.REFINE_BLADE,Refine Blade,monster,ENCOUNTER.LOUSE_PROGENITOR_NORMAL
1781789392,2,CARD.MONOLOGUE,Monologue,monster,ENCOUNTER.CORPSE_SLUGS_WEAK
1781789392,4,CARD.STARDUST,Stardust,monster,ENCOUNTER.SEAPUNK_WEAK
1781789392,5,CARD.MONARCHS_GAZE,Monarchs Gaze,monster,ENCOUNTER.TOADPOLES_WEAK
1781789392,6,CARD.GLOW,Glow,monster,ENCOUNTER.SEAPUNK_NORMAL
1781789392,10,CARD.TERRAFORMING,Terraforming,elite,ENCOUNTER.SKULKING_COLONY_ELITE
1781789392,12,CARD.BUNDLE_OF_JOY,Bundle Of Joy,monster,ENCOUNTER.PUNCH_CONSTRUCT_NORMAL
1781789392,13,CARD.CRESCENT_SPEAR,Crescent Spear,elite,ENCOUNTER.PHANTASMAL_GARDENERS_ELITE
1781789392,16,CARD.MAKE_IT_SO,Make It So,boss,ENCOUNTER.WATERFALL_GIANT_BOSS
1781789392,18,CARD.GATHER_LIGHT,Gather Light,monster,ENCOUNTER.EXOSKELETONS_WEAK
1781789392,22,CARD.BLACK_HOLE,Black Hole,monster,ENCOUNTER.THIEVING_HOPPER_WEAK
1781789392,28,CARD.COLLISION_COURSE,Collision Course,unknown,ENCOUNTER.SPINY_TOAD_NORMAL
1781788845,2,CARD.KINGLY_PUNCH,Kingly Punch,monster,ENCOUNTER.FUZZY_WURM_CRAWLER_WEAK
1781788845,3,CARD.QUASAR,Quasar,monster,ENCOUNTER.NIBBITS_WEAK
1781788845,4,CARD.GLOW,Glow,unknown,ENCOUNTER.SHRINKER_BEETLE_WEAK
1781788845,6,CARD.HIDDEN_CACHE,Hidden Cache,monster,ENCOUNTER.MAWLER_NORMAL
1781788845,8,CARD.ASTRAL_PULSE,Astral Pulse,elite,ENCOUNTER.PHROG_PARASITE_ELITE
1781788845,11,CARD.CRASH_LANDING,Crash Landing,unknown,EVENT.DENSE_VEGETATION
1781788845,12,CARD.SPECTRUM_SHIFT,Spectrum Shift,monster,ENCOUNTER.CUBEX_CONSTRUCT_NORMAL
1781788845,14,CARD.CLOAK_OF_STARS,Cloak Of Stars,monster,ENCOUNTER.FOGMOG_NORMAL
1781788845,15,CARD.I_AM_INVINCIBLE,I Am Invincible,elite,ENCOUNTER.BYRDONIS_ELITE
1781788845,17,CARD.TYRANNY,Tyranny,boss,ENCOUNTER.THE_KIN_BOSS
1781788845,19,CARD.SUPERMASSIVE,Supermassive,monster,ENCOUNTER.TUNNELER_WEAK
1781788845,22,CARD.BURST,Burst,unknown,EVENT.COLORFUL_PHILOSOPHERS
1781788845,29,CARD.QUASAR,Quasar,elite,ENCOUNTER.DECIMILLIPEDE_ELITE
1781788845,30,CARD.COSMIC_INDIFFERENCE,Cosmic Indifference,monster,ENCOUNTER.EXOSKELETONS_WEAK
1781788845,33,CARD.I_AM_INVINCIBLE,I Am Invincible,boss,ENCOUNTER.THE_INSATIABLE_BOSS
1781788845,37,CARD.PATTER,Patter,monster,ENCOUNTER.FABRICATOR_NORMAL
1781788845,39,CARD.ARSENAL,Arsenal,monster,ENCOUNTER.SLIMED_BERSERKER_NORMAL
1781788845,42,CARD.MANIFEST_AUTHORITY,Manifest Authority,elite,ENCOUNTER.SOUL_NEXUS_ELITE
1781788845,44,CARD.ORBIT,Orbit,elite,ENCOUNTER.KNIGHTS_ELITE
1781782862,2,CARD.GLOW,Glow,monster,ENCOUNTER.NIBBITS_WEAK
1781782862,3,CARD.REFLECT,Reflect,unknown,ENCOUNTER.SHRINKER_BEETLE_WEAK
1781782862,6,CARD.BLACK_HOLE,Black Hole,monster,ENCOUNTER.SLIMES_WEAK
1781782862,7,CARD.STARDUST,Stardust,monster,ENCOUNTER.INKLETS_NORMAL
1781782862,8,CARD.HIDDEN_CACHE,Hidden Cache,elite,ENCOUNTER.BYRDONIS_ELITE
1781782862,11,CARD.CRASH_LANDING,Crash Landing,monster,ENCOUNTER.OVERGROWTH_CRAWLERS
1781782862,13,CARD.KNOW_THY_PLACE,Know Thy Place,monster,ENCOUNTER.NIBBITS_NORMAL
1781782862,14,CARD.COSMIC_INDIFFERENCE,Cosmic Indifference,elite,ENCOUNTER.BYGONE_EFFIGY_ELITE
1781782862,15,CARD.GLOW,Glow,monster,ENCOUNTER.SLITHERING_STRANGLER_NORMAL
1781782862,17,CARD.BOMBARDMENT,Bombardment,boss,ENCOUNTER.THE_KIN_BOSS
1781782862,19,CARD.BEGONE,Begone,monster,ENCOUNTER.EXOSKELETONS_WEAK
1781782862,22,CARD.BEGONE,Begone,monster,ENCOUNTER.BOWLBUGS_WEAK
1781782862,23,CARD.SUPERMASSIVE,Supermassive,unknown,ENCOUNTER.MYTES_NORMAL
1781782862,24,CARD.QUASAR,Quasar,monster,ENCOUNTER.THE_OBSCURA_NORMAL
1781782862,27,CARD.HIDDEN_CACHE,Hidden Cache,monster,ENCOUNTER.OVICOPTER_NORMAL
1781782862,28,CARD.MONARCHS_GAZE,Monarchs Gaze,elite,ENCOUNTER.DECIMILLIPEDE_ELITE
1781782862,31,CARD.MONARCHS_GAZE,Monarchs Gaze,elite,ENCOUNTER.ENTOMANCER_ELITE
1781782862,33,CARD.MAKE_IT_SO,Make It So,boss,ENCOUNTER.THE_INSATIABLE_BOSS
1781782862,36,CARD.COLLISION_COURSE,Collision Course,unknown,EVENT.THE_FUTURE_OF_POTIONS
1781782862,37,CARD.ASTRAL_PULSE,Astral Pulse,monster,ENCOUNTER.TURRET_OPERATOR_WEAK
1781782862,38,CARD.COSMIC_INDIFFERENCE,Cosmic Indifference,monster,ENCOUNTER.SCROLLS_OF_BITING_NORMAL
1781782862,40,CARD.I_AM_INVINCIBLE,I Am Invincible,elite,ENCOUNTER.SOUL_NEXUS_ELITE
1781782862,43,CARD.MAKE_IT_SO,Make It So,elite,ENCOUNTER.MECHA_KNIGHT_ELITE
1781782862,46,CARD.CLOAK_OF_STARS,Cloak Of Stars,unknown,ENCOUNTER.FABRICATOR_NORMAL
1781734701,2,CARD.ALIGNMENT,Alignment,monster,ENCOUNTER.SLIMES_WEAK
1781734701,4,CARD.BOMBARDMENT,Bombardment,monster,ENCOUNTER.NIBBITS_WEAK
1781734701,5,CARD.WROUGHT_IN_WAR,Wrought In War,monster,ENCOUNTER.SHRINKER_BEETLE_WEAK
1781734701,7,CARD.PARRY,Parry,elite,ENCOUNTER.PHROG_PARASITE_ELITE
1781734701,8,CARD.SUMMON_FORTH,Summon Forth,monster,ENCOUNTER.SNAPPING_JAXFRUIT_NORMAL
1781734701,11,CARD.COSMIC_INDIFFERENCE,Cosmic Indifference,monster,ENCOUNTER.NIBBITS_NORMAL
1781734701,12,CARD.BIG_BANG,Big Bang,elite,ENCOUNTER.BYRDONIS_ELITE
1781734701,13,CARD.PARRY,Parry,monster,ENCOUNTER.OVERGROWTH_CRAWLERS
1781734701,14,CARD.GLITTERSTREAM,Glitterstream,unknown,ENCOUNTER.MAWLER_NORMAL
1781734701,16,CARD.BEAT_INTO_SHAPE,Beat Into Shape,boss,ENCOUNTER.CEREMONIAL_BEAST_BOSS
1781734701,18,CARD.SPOILS_OF_BATTLE,Spoils Of Battle,monster,ENCOUNTER.EXOSKELETONS_WEAK
1781734701,23,CARD.REFINE_BLADE,Refine Blade,unknown,ENCOUNTER.OVICOPTER_NORMAL
1781734701,27,CARD.ORBIT,Orbit,elite,ENCOUNTER.DECIMILLIPEDE_ELITE
1781734701,31,CARD.FOREGONE_CONCLUSION,Foregone Conclusion,boss,ENCOUNTER.THE_INSATIABLE_BOSS
1781734701,35,CARD.SOLAR_STRIKE,Solar Strike,monster,ENCOUNTER.TURRET_OPERATOR_WEAK
1781734701,36,CARD.ALIGNMENT,Alignment,monster,ENCOUNTER.SLIMED_BERSERKER_NORMAL
1781734701,39,CARD.PARTICLE_WALL,Particle Wall,monster,ENCOUNTER.OWL_MAGISTRATE_NORMAL
1781734701,43,CARD.PATTER,Patter,elite,ENCOUNTER.KNIGHTS_ELITE
1781655681,2,CARD.GLOW,Glow,monster,ENCOUNTER.SLUDGE_SPINNER_WEAK
1781655681,3,CARD.SPECTRUM_SHIFT,Spectrum Shift,monster,ENCOUNTER.TOADPOLES_WEAK
1781655681,11,CARD.CRUSH_UNDER,Crush Under,monster,ENCOUNTER.CORPSE_SLUGS_WEAK
1781655681,14,CARD.BEGONE,Begone,unknown,ENCOUNTER.GREMLIN_MERC_NORMAL
1781655681,17,CARD.NEUTRON_AEGIS,Neutron Aegis,boss,ENCOUNTER.SOUL_FYSH_BOSS
1781655681,19,CARD.GLITTERSTREAM,Glitterstream,monster,ENCOUNTER.TUNNELER_WEAK
1781655681,21,CARD.ARSENAL,Arsenal,unknown,EVENT.THE_FUTURE_OF_POTIONS
1781655681,22,CARD.DEVASTATE,Devastate,monster,ENCOUNTER.BOWLBUGS_WEAK
1781655681,23,CARD.GLITTERSTREAM,Glitterstream,monster,ENCOUNTER.THE_OBSCURA_NORMAL
1781655681,25,CARD.PATTER,Patter,elite,ENCOUNTER.INFESTED_PRISMS_ELITE
1781655681,28,CARD.DEVASTATE,Devastate,monster,ENCOUNTER.EXOSKELETONS_NORMAL
1781655681,31,CARD.SUPERMASSIVE,Supermassive,monster,ENCOUNTER.LOUSE_PROGENITOR_NORMAL
1781649462,2,CARD.DRAIN_POWER,Drain Power,monster,ENCOUNTER.SLUDGE_SPINNER_WEAK
1781649462,3,CARD.LEGION_OF_BONE,Legion Of Bone,monster,ENCOUNTER.TOADPOLES_WEAK
1781649462,7,CARD.NO_ESCAPE,No Escape,elite,ENCOUNTER.TERROR_EEL_ELITE
1781649462,11,CARD.DEFY,Defy,elite,ENCOUNTER.SKULKING_COLONY_ELITE
1781649462,13,CARD.HANG,Hang,monster,ENCOUNTER.CORPSE_SLUGS_WEAK
1781649462,14,CARD.INVOKE,Invoke,elite,ENCOUNTER.PHANTASMAL_GARDENERS_ELITE
1781649462,16,CARD.DEMESNE,Demesne,boss,ENCOUNTER.WATERFALL_GIANT_BOSS
1781649462,18,CARD.GRAVE_WARDEN,Grave Warden,monster,ENCOUNTER.BOWLBUGS_WEAK
1781649462,21,CARD.INVOKE,Invoke,monster,ENCOUNTER.TUNNELER_WEAK
1781649462,22,CARD.WISP,Wisp,monster,ENCOUNTER.BOWLBUGS_NORMAL
1781649462,29,CARD.UNDEATH,Undeath,elite,ENCOUNTER.INFESTED_PRISMS_ELITE
1781649462,31,CARD.DEVOUR_LIFE,Devour Life,boss,ENCOUNTER.KAISER_CRAB_BOSS
1781649462,33,CARD.FETCH,Fetch,monster,ENCOUNTER.TURRET_OPERATOR_WEAK
1781649462,35,CARD.AFTERLIFE,Afterlife,monster,ENCOUNTER.DEVOTED_SCULPTOR_WEAK
1781649462,39,CARD.WISP,Wisp,elite,ENCOUNTER.MECHA_KNIGHT_ELITE
1781639902,2,CARD.ACROBATICS,Acrobatics,monster,ENCOUNTER.CORPSE_SLUGS_WEAK
1781639902,3,CARD.DAGGER_THROW,Dagger Throw,monster,ENCOUNTER.SEAPUNK_WEAK
1781639902,4,CARD.BACKSTAB,Backstab,monster,ENCOUNTER.SLUDGE_SPINNER_WEAK
1781639902,5,CARD.DEADLY_POISON,Deadly Poison,monster,ENCOUNTER.CORPSE_SLUGS_NORMAL
1781639902,11,CARD.BOUNCING_FLASK,Bouncing Flask,monster,ENCOUNTER.LIVING_FOG_NORMAL
1781639902,14,CARD.DODGE_AND_ROLL,Dodge And Roll,elite,ENCOUNTER.SKULKING_COLONY_ELITE
1781639902,15,CARD.HAND_TRICK,Hand Trick,monster,ENCOUNTER.TWO_TAILED_RATS_NORMAL
1781639902,17,CARD.MURDER,Murder,boss,ENCOUNTER.SOUL_FYSH_BOSS
1781639902,19,CARD.DEADLY_POISON,Deadly Poison,monster,ENCOUNTER.EXOSKELETONS_WEAK
1781639902,20,CARD.DODGE_AND_ROLL,Dodge And Roll,monster,ENCOUNTER.THIEVING_HOPPER_WEAK
1781639902,25,CARD.BLADE_OF_INK,Blade Of Ink,monster,ENCOUNTER.SPINY_TOAD_NORMAL
1781639902,31,CARD.DEFLECT,Deflect,unknown,ENCOUNTER.HUNTER_KILLER_NORMAL
1781639902,33,CARD.ENVENOM,Envenom,boss,ENCOUNTER.THE_INSATIABLE_BOSS
1781639902,35,CARD.CALCULATED_GAMBLE,Calculated Gamble,monster,ENCOUNTER.TURRET_OPERATOR_WEAK
1781639902,37,CARD.CLOAK_AND_DAGGER,Cloak And Dagger,unknown,ENCOUNTER.SCROLLS_OF_BITING_WEAK
1781639902,43,CARD.BOUNCING_FLASK,Bouncing Flask,elite,ENCOUNTER.SOUL_NEXUS_ELITE
1781639902,46,CARD.BULLET_TIME,Bullet Time,unknown,ENCOUNTER.GLOBE_HEAD_NORMAL
1781639066,2,CARD.PREPARED,Prepared,monster,ENCOUNTER.FUZZY_WURM_CRAWLER_WEAK
1781639066,3,CARD.BOUNCING_FLASK,Bouncing Flask,monster,ENCOUNTER.NIBBITS_WEAK
1781639066,4,CARD.SUCKER_PUNCH,Sucker Punch,monster,ENCOUNTER.SLIMES_WEAK
1781639066,6,CARD.UNTOUCHABLE,Untouchable,monster,ENCOUNTER.INKLETS_NORMAL
1781639066,7,CARD.LEG_SWEEP,Leg Sweep,elite,ENCOUNTER.PHROG_PARASITE_ELITE
1781639066,8,CARD.BACKFLIP,Backflip,monster,ENCOUNTER.OVERGROWTH_CRAWLERS
1781556560,2,CARD.LEADING_STRIKE,Leading Strike,monster,ENCOUNTER.TOADPOLES_WEAK
1781556560,3,CARD.BACKFLIP,Backflip,monster,ENCOUNTER.CORPSE_SLUGS_WEAK
1781556560,4,CARD.ACCURACY,Accuracy,unknown,ENCOUNTER.SLUDGE_SPINNER_WEAK
1781556560,5,CARD.POUNCE,Pounce,monster,ENCOUNTER.CULTISTS_NORMAL
1781556560,9,CARD.BURST,Burst,elite,ENCOUNTER.SKULKING_COLONY_ELITE
1781556560,12,CARD.PREPARED,Prepared,unknown,ENCOUNTER.FOSSIL_STALKER_NORMAL
1781556560,13,CARD.DASH,Dash,unknown,EVENT.PUNCH_OFF
1781556560,15,CARD.SERPENT_FORM,Serpent Form,elite,ENCOUNTER.PHANTASMAL_GARDENERS_ELITE
1781556560,17,CARD.SERPENT_FORM,Serpent Form,boss,ENCOUNTER.SOUL_FYSH_BOSS
1781556560,19,CARD.UP_MY_SLEEVE,Up My Sleeve,monster,ENCOUNTER.BOWLBUGS_WEAK
1781556560,20,CARD.CLOAK_AND_DAGGER,Cloak And Dagger,monster,ENCOUNTER.EXOSKELETONS_WEAK
1781556560,21,CARD.UP_MY_SLEEVE,Up My Sleeve,unknown,EVENT.THE_LANTERN_KEY
1781556560,22,CARD.UNTOUCHABLE,Untouchable,monster,ENCOUNTER.THE_OBSCURA_NORMAL
1781556560,23,CARD.FINISHER,Finisher,unknown,ENCOUNTER.LOUSE_PROGENITOR_NORMAL
1781556560,25,CARD.BACKSTAB,Backstab,elite,ENCOUNTER.DECIMILLIPEDE_ELITE
1781556560,29,CARD.PREPARED,Prepared,monster,ENCOUNTER.BOWLBUGS_NORMAL
1781556560,30,CARD.UNTOUCHABLE,Untouchable,elite,ENCOUNTER.ENTOMANCER_ELITE
1781556560,31,CARD.HAND_TRICK,Hand Trick,monster,ENCOUNTER.CHOMPERS_NORMAL
1781549277,2,CARD.PIERCING_WAIL,Piercing Wail,monster,ENCOUNTER.SLIMES_WEAK
1781549277,3,CARD.HAZE,Haze,monster,ENCOUNTER.SHRINKER_BEETLE_WEAK
1781549277,5,CARD.FLICK_FLACK,Flick Flack,monster,ENCOUNTER.NIBBITS_WEAK
1781549277,6,CARD.REFLEX,Reflex,monster,ENCOUNTER.INKLETS_NORMAL
1781549277,11,CARD.TOOLS_OF_THE_TRADE,Tools Of The Trade,elite,ENCOUNTER.BYGONE_EFFIGY_ELITE
1781549277,13,CARD.PREPARED,Prepared,unknown,ENCOUNTER.OVERGROWTH_CRAWLERS
1781548805,2,CARD.ESCAPE_PLAN,Escape Plan,monster,ENCOUNTER.SLIMES_WEAK
1781548805,3,CARD.TACTICIAN,Tactician,monster,ENCOUNTER.SHRINKER_BEETLE_WEAK
1781548805,4,CARD.OUTBREAK,Outbreak,monster,ENCOUNTER.FUZZY_WURM_CRAWLER_WEAK
1781484745,2,CARD.BACKFLIP,Backflip,monster,ENCOUNTER.SHRINKER_BEETLE_WEAK
1781484745,3,CARD.REFLEX,Reflex,monster,ENCOUNTER.SLIMES_WEAK
1781484745,4,CARD.DAGGER_SPRAY,Dagger Spray,monster,ENCOUNTER.FUZZY_WURM_CRAWLER_WEAK
1781484745,6,CARD.HIDDEN_DAGGERS,Hidden Daggers,monster,ENCOUNTER.CUBEX_CONSTRUCT_NORMAL
1781484745,8,CARD.DEADLY_POISON,Deadly Poison,monster,ENCOUNTER.MAWLER_NORMAL
1781484745,11,CARD.ACCELERANT,Accelerant,elite,ENCOUNTER.BYRDONIS_ELITE
1781484745,14,CARD.DAGGER_THROW,Dagger Throw,monster,ENCOUNTER.OVERGROWTH_CRAWLERS
1781484745,15,CARD.DEADLY_POISON,Deadly Poison,unknown,ENCOUNTER.VINE_SHAMBLER_NORMAL
1781484745,17,CARD.MASTER_PLANNER,Master Planner,boss,ENCOUNTER.VANTOM_BOSS
1781484745,19,CARD.HAZE,Haze,monster,ENCOUNTER.TUNNELER_WEAK
1781484745,21,CARD.BACKFLIP,Backflip,monster,ENCOUNTER.BOWLBUGS_WEAK
1781484745,22,CARD.ESCAPE_PLAN,Escape Plan,monster,ENCOUNTER.EXOSKELETONS_NORMAL
1781484745,23,CARD.ADRENALINE,Adrenaline,monster,ENCOUNTER.OVICOPTER_NORMAL
1781484745,25,CARD.HAND_TRICK,Hand Trick,elite,ENCOUNTER.INFESTED_PRISMS_ELITE
1781484745,27,CARD.FOOTWORK,Footwork,unknown,ENCOUNTER.MYTES_NORMAL
1781484745,28,CARD.TOOLS_OF_THE_TRADE,Tools Of The Trade,elite,ENCOUNTER.ENTOMANCER_ELITE
1781484745,33,CARD.ENVENOM,Envenom,boss,ENCOUNTER.KNOWLEDGE_DEMON_BOSS
1781484745,35,CARD.POISONED_STAB,Poisoned Stab,monster,ENCOUNTER.TURRET_OPERATOR_WEAK
1781484745,40,CARD.BUBBLE_BUBBLE,Bubble Bubble,elite,ENCOUNTER.KNIGHTS_ELITE
1781484745,43,CARD.TACTICIAN,Tactician,unknown,ENCOUNTER.CONSTRUCT_MENAGERIE_NORMAL
1781484745,45,CARD.BUBBLE_BUBBLE,Bubble Bubble,unknown,ENCOUNTER.THE_LOST_AND_FORGOTTEN_NORMAL
1781217192,1,CARD.ASTRAL_PULSE,Astral Pulse,ancient,EVENT.NEOW
1781217192,2,CARD.GLOW,Glow,monster,ENCOUNTER.NIBBITS_WEAK
1781217192,4,CARD.REFLECT,Reflect,monster,ENCOUNTER.SLIMES_WEAK
1781217192,5,CARD.GATHER_LIGHT,Gather Light,monster,ENCOUNTER.FUZZY_WURM_CRAWLER_WEAK
1781217192,8,CARD.BLACK_HOLE,Black Hole,elite,ENCOUNTER.PHROG_PARASITE_ELITE
1781217192,11,CARD.RESONANCE,Resonance,elite,ENCOUNTER.BYGONE_EFFIGY_ELITE
1781217192,13,CARD.DEVASTATE,Devastate,elite,ENCOUNTER.BYRDONIS_ELITE
1781217192,14,CARD.BLACK_HOLE,Black Hole,monster,ENCOUNTER.FLYCONID_NORMAL
1781217192,16,CARD.BIG_BANG,Big Bang,boss,ENCOUNTER.VANTOM_BOSS
1781217192,18,CARD.HIDDEN_CACHE,Hidden Cache,monster,ENCOUNTER.TUNNELER_WEAK
1781217192,22,CARD.BLACK_HOLE,Black Hole,unknown,ENCOUNTER.EXOSKELETONS_WEAK
1781217192,26,CARD.GATHER_LIGHT,Gather Light,elite,ENCOUNTER.ENTOMANCER_ELITE
1781217192,29,CARD.CLOAK_OF_STARS,Cloak Of Stars,elite,ENCOUNTER.INFESTED_PRISMS_ELITE
1781217192,31,CARD.MAKE_IT_SO,Make It So,boss,ENCOUNTER.KNOWLEDGE_DEMON_BOSS
1781217192,33,CARD.KNOCKOUT_BLOW,Knockout Blow,monster,ENCOUNTER.DEVOTED_SCULPTOR_WEAK
1781175779,2,CARD.PREPARED,Prepared,monster,ENCOUNTER.SLIMES_WEAK
1781175779,3,CARD.HAND_TRICK,Hand Trick,monster,ENCOUNTER.NIBBITS_WEAK
1781175779,4,CARD.RICOCHET,Ricochet,monster,ENCOUNTER.FUZZY_WURM_CRAWLER_WEAK
1781175779,5,CARD.UNTOUCHABLE,Untouchable,unknown,ENCOUNTER.INKLETS_NORMAL
1781175779,6,CARD.FOOTWORK,Footwork,monster,ENCOUNTER.VINE_SHAMBLER_NORMAL
1781175779,8,CARD.UNTOUCHABLE,Untouchable,elite,ENCOUNTER.PHROG_PARASITE_ELITE
1781175779,11,CARD.EXPERTISE,Expertise,monster,ENCOUNTER.SLIMES_NORMAL
1781175779,14,CARD.PREPARED,Prepared,monster,ENCOUNTER.FOGMOG_NORMAL
1781175779,17,CARD.ADRENALINE,Adrenaline,boss,ENCOUNTER.CEREMONIAL_BEAST_BOSS
1781175779,19,CARD.BLUR,Blur,monster,ENCOUNTER.BOWLBUGS_WEAK
1781175779,21,CARD.SHADOWMELD,Shadowmeld,monster,ENCOUNTER.TUNNELER_WEAK
1781175779,22,CARD.TACTICIAN,Tactician,monster,ENCOUNTER.SLUMBERING_BEETLE_NORMAL
1781175779,29,CARD.ABRASIVE,Abrasive,elite,ENCOUNTER.ENTOMANCER_ELITE
1781175779,31,CARD.BACKFLIP,Backflip,monster,ENCOUNTER.HUNTER_KILLER_NORMAL
1781175779,33,CARD.CORROSIVE_WAVE,Corrosive Wave,boss,ENCOUNTER.THE_INSATIABLE_BOSS
1781175779,35,CARD.RICOCHET,Ricochet,monster,ENCOUNTER.TURRET_OPERATOR_WEAK
1781175779,40,CARD.BACKSTAB,Backstab,elite,ENCOUNTER.MECHA_KNIGHT_ELITE
1781175779,43,CARD.BACKFLIP,Backflip,elite,ENCOUNTER.SOUL_NEXUS_ELITE
1780961235,2,CARD.HIDDEN_CACHE,Hidden Cache,monster,ENCOUNTER.CORPSE_SLUGS_WEAK
1780961235,3,CARD.KINGLY_KICK,Kingly Kick,monster,ENCOUNTER.SEAPUNK_WEAK
1780961235,7,CARD.PATTER,Patter,elite,ENCOUNTER.SKULKING_COLONY_ELITE
1780961235,10,CARD.COSMIC_INDIFFERENCE,Cosmic Indifference,monster,ENCOUNTER.SLUDGE_SPINNER_WEAK
1780961235,13,CARD.GLOW,Glow,elite,ENCOUNTER.TERROR_EEL_ELITE
1780961235,14,CARD.PHOTON_CUT,Photon Cut,monster,ENCOUNTER.PUNCH_CONSTRUCT_NORMAL
1780961235,16,CARD.VOID_FORM,Void Form,boss,ENCOUNTER.WATERFALL_GIANT_BOSS
1780961235,18,CARD.CRESCENT_SPEAR,Crescent Spear,monster,ENCOUNTER.TUNNELER_WEAK
1780961235,19,CARD.CRESCENT_SPEAR,Crescent Spear,monster,ENCOUNTER.THIEVING_HOPPER_WEAK
1780961235,22,CARD.BLACK_HOLE,Black Hole,monster,ENCOUNTER.LOUSE_PROGENITOR_NORMAL
1780961235,25,CARD.KNOW_THY_PLACE,Know Thy Place,monster,ENCOUNTER.HUNTER_KILLER_NORMAL
1780961235,26,CARD.DYING_STAR,Dying Star,elite,ENCOUNTER.ENTOMANCER_ELITE
1780961235,28,CARD.GUIDING_STAR,Guiding Star,monster,ENCOUNTER.SLUMBERING_BEETLE_NORMAL
1780959402,2,CARD.PATTER,Patter,monster,ENCOUNTER.CORPSE_SLUGS_WEAK
1780959402,3,CARD.HIDDEN_CACHE,Hidden Cache,monster,ENCOUNTER.SEAPUNK_WEAK
1780959402,6,CARD.CHILD_OF_THE_STARS,Child Of The Stars,monster,ENCOUNTER.SLUDGE_SPINNER_WEAK
1780959402,7,CARD.CRUSH_UNDER,Crush Under,unknown,ENCOUNTER.HAUNTED_SHIP_NORMAL
1780959402,8,CARD.CRESCENT_SPEAR,Crescent Spear,monster,ENCOUNTER.CULTISTS_NORMAL
1780959402,10,CARD.BIG_BANG,Big Bang,elite,ENCOUNTER.SKULKING_COLONY_ELITE
1780959402,13,CARD.CLOAK_OF_STARS,Cloak Of Stars,elite,ENCOUNTER.PHANTASMAL_GARDENERS_ELITE
1780858880,2,CARD.BEGONE,Begone,monster,ENCOUNTER.SEAPUNK_WEAK
1780858880,3,CARD.STARDUST,Stardust,monster,ENCOUNTER.TOADPOLES_WEAK
1780858880,4,CARD.PHOTON_CUT,Photon Cut,monster,ENCOUNTER.SLUDGE_SPINNER_WEAK
1780858880,5,CARD.COLLISION_COURSE,Collision Course,monster,ENCOUNTER.HAUNTED_SHIP_NORMAL
1780858880,6,CARD.RADIATE,Radiate,monster,ENCOUNTER.CORPSE_SLUGS_NORMAL
1780858880,12,CARD.REFLECT,Reflect,monster,ENCOUNTER.SEAPUNK_NORMAL
1780858880,13,CARD.CLOAK_OF_STARS,Cloak Of Stars,elite,ENCOUNTER.TERROR_EEL_ELITE
1780858880,14,CARD.GUIDING_STAR,Guiding Star,monster,ENCOUNTER.FOSSIL_STALKER_NORMAL
1780858880,15,CARD.BOMBARDMENT,Bombardment,elite,ENCOUNTER.PHANTASMAL_GARDENERS_ELITE
1780858880,17,CARD.BUNDLE_OF_JOY,Bundle Of Joy,boss,ENCOUNTER.SOUL_FYSH_BOSS
1780858880,19,CARD.CHILD_OF_THE_STARS,Child Of The Stars,monster,ENCOUNTER.TUNNELER_WEAK
1780858880,21,CARD.GLITTERSTREAM,Glitterstream,monster,ENCOUNTER.BOWLBUGS_WEAK
1780858880,25,CARD.PARTICLE_WALL,Particle Wall,elite,ENCOUNTER.INFESTED_PRISMS_ELITE
1780858880,28,CARD.TERRAFORMING,Terraforming,monster,ENCOUNTER.MYTES_NORMAL
1780858880,29,CARD.SOLAR_STRIKE,Solar Strike,elite,ENCOUNTER.DECIMILLIPEDE_ELITE
1780858880,33,CARD.NEUTRON_AEGIS,Neutron Aegis,boss,ENCOUNTER.THE_INSATIABLE_BOSS
1780858880,35,CARD.PATTER,Patter,monster,ENCOUNTER.SCROLLS_OF_BITING_WEAK
1780858880,39,CARD.GLOW,Glow,monster,ENCOUNTER.SCROLLS_OF_BITING_NORMAL
1780851438,2,CARD.PATTER,Patter,monster,ENCOUNTER.CORPSE_SLUGS_WEAK
1780851438,3,CARD.BLACK_HOLE,Black Hole,monster,ENCOUNTER.TOADPOLES_WEAK
1780851438,5,CARD.CONVERGENCE,Convergence,monster,ENCOUNTER.SEAPUNK_WEAK
1780851438,6,CARD.CELESTIAL_MIGHT,Celestial Might,monster,ENCOUNTER.GREMLIN_MERC_NORMAL
1780851438,7,CARD.REFLECT,Reflect,elite,ENCOUNTER.SKULKING_COLONY_ELITE
1780851438,9,CARD.PATTER,Patter,elite,ENCOUNTER.TERROR_EEL_ELITE
1780851438,14,CARD.RESONANCE,Resonance,monster,ENCOUNTER.TWO_TAILED_RATS_NORMAL
1780851438,15,CARD.HIDDEN_CACHE,Hidden Cache,monster,ENCOUNTER.FOSSIL_STALKER_NORMAL
1780851438,17,CARD.NEUTRON_AEGIS,Neutron Aegis,boss,ENCOUNTER.LAGAVULIN_MATRIARCH_BOSS
1780851438,19,CARD.MONOLOGUE,Monologue,monster,ENCOUNTER.BOWLBUGS_WEAK
1780851438,20,CARD.GATHER_LIGHT,Gather Light,monster,ENCOUNTER.EXOSKELETONS_WEAK
1780851438,21,CARD.HIDDEN_CACHE,Hidden Cache,monster,ENCOUNTER.THE_OBSCURA_NORMAL
1780851438,27,CARD.GUIDING_STAR,Guiding Star,elite,ENCOUNTER.ENTOMANCER_ELITE
1780851438,29,CARD.GLOW,Glow,monster,ENCOUNTER.LOUSE_PROGENITOR_NORMAL
1780851438,30,CARD.GUIDING_STAR,Guiding Star,monster,ENCOUNTER.MYTES_NORMAL
1780851438,31,CARD.HEAVENLY_DRILL,Heavenly Drill,elite,ENCOUNTER.INFESTED_PRISMS_ELITE
1780767913,2,CARD.WROUGHT_IN_WAR,Wrought In War,monster,ENCOUNTER.SHRINKER_BEETLE_WEAK
1780767913,3,CARD.WROUGHT_IN_WAR,Wrought In War,monster,ENCOUNTER.FUZZY_WURM_CRAWLER_WEAK
1780767913,4,CARD.REFINE_BLADE,Refine Blade,monster,ENCOUNTER.SLIMES_WEAK
1780767913,6,CARD.SPOILS_OF_BATTLE,Spoils Of Battle,monster,ENCOUNTER.VINE_SHAMBLER_NORMAL
1780767913,8,CARD.COSMIC_INDIFFERENCE,Cosmic Indifference,elite,ENCOUNTER.BYGONE_EFFIGY_ELITE
1780767913,12,CARD.PARRY,Parry,elite,ENCOUNTER.BYRDONIS_ELITE
1780767913,14,CARD.BIG_BANG,Big Bang,elite,ENCOUNTER.PHROG_PARASITE_ELITE
1780767913,15,CARD.FURNACE,Furnace,monster,ENCOUNTER.SNAPPING_JAXFRUIT_NORMAL
1780767913,17,CARD.DYING_STAR,Dying Star,boss,ENCOUNTER.VANTOM_BOSS
1780767913,19,CARD.PARRY,Parry,monster,ENCOUNTER.THIEVING_HOPPER_WEAK
1780767913,21,CARD.SPOILS_OF_BATTLE,Spoils Of Battle,monster,ENCOUNTER.CHOMPERS_NORMAL
1780767913,24,CARD.GENESIS,Genesis,elite,ENCOUNTER.ENTOMANCER_ELITE
1780767913,27,CARD.SUMMON_FORTH,Summon Forth,elite,ENCOUNTER.DECIMILLIPEDE_ELITE
1780767913,29,CARD.REFLECT,Reflect,monster,ENCOUNTER.EXOSKELETONS_NORMAL
1780767913,30,CARD.BULWARK,Bulwark,monster,ENCOUNTER.SLUMBERING_BEETLE_NORMAL
1780767913,33,CARD.VOID_FORM,Void Form,boss,ENCOUNTER.KNOWLEDGE_DEMON_BOSS
1780767913,36,CARD.GUIDING_STAR,Guiding Star,monster,ENCOUNTER.SCROLLS_OF_BITING_WEAK
1780767913,39,CARD.PARRY,Parry,monster,ENCOUNTER.THE_LOST_AND_FORGOTTEN_NORMAL
1780767913,43,CARD.REFINE_BLADE,Refine Blade,elite,ENCOUNTER.KNIGHTS_ELITE
1780694464,2,CARD.KNOW_THY_PLACE,Know Thy Place,monster,ENCOUNTER.SHRINKER_BEETLE_WEAK
1780694464,3,CARD.SPOILS_OF_BATTLE,Spoils Of Battle,monster,ENCOUNTER.SLIMES_WEAK
1780694464,5,CARD.COSMIC_INDIFFERENCE,Cosmic Indifference,monster,ENCOUNTER.FUZZY_WURM_CRAWLER_WEAK
1780694464,8,CARD.VOID_FORM,Void Form,elite,ENCOUNTER.BYRDONIS_ELITE
1780694464,10,CARD.PARRY,Parry,elite,ENCOUNTER.BYGONE_EFFIGY_ELITE
1780694464,12,CARD.ALIGNMENT,Alignment,elite,ENCOUNTER.PHROG_PARASITE_ELITE
1780694464,13,CARD.GLOW,Glow,monster,ENCOUNTER.NIBBITS_NORMAL
1780694464,14,CARD.PARRY,Parry,monster,ENCOUNTER.FOGMOG_NORMAL
1780694464,16,CARD.MAKE_IT_SO,Make It So,boss,ENCOUNTER.VANTOM_BOSS
1780694464,18,CARD.WROUGHT_IN_WAR,Wrought In War,monster,ENCOUNTER.TUNNELER_WEAK
1780694464,20,CARD.FURNACE,Furnace,monster,ENCOUNTER.EXOSKELETONS_WEAK
1780694464,21,CARD.DECISIONS_DECISIONS,Decisions Decisions,monster,ENCOUNTER.HUNTER_KILLER_NORMAL
1780694464,28,CARD.SUMMON_FORTH,Summon Forth,monster,ENCOUNTER.THE_OBSCURA_NORMAL
1780694464,29,CARD.GATHER_LIGHT,Gather Light,elite,ENCOUNTER.DECIMILLIPEDE_ELITE
1780694464,31,CARD.BIG_BANG,Big Bang,boss,ENCOUNTER.THE_INSATIABLE_BOSS
1780694464,41,CARD.CONQUEROR,Conqueror,monster,ENCOUNTER.FABRICATOR_NORMAL
1780601072,2,CARD.ALIGNMENT,Alignment,monster,ENCOUNTER.SHRINKER_BEETLE_WEAK
1780601072,3,CARD.SPOILS_OF_BATTLE,Spoils Of Battle,monster,ENCOUNTER.NIBBITS_WEAK
1780601072,4,CARD.RADIATE,Radiate,monster,ENCOUNTER.SLIMES_WEAK
1780601072,6,CARD.MONOLOGUE,Monologue,monster,ENCOUNTER.CUBEX_CONSTRUCT_NORMAL
1780601072,8,CARD.CHILD_OF_THE_STARS,Child Of The Stars,monster,ENCOUNTER.SLIMES_NORMAL
1780601072,9,CARD.HIDDEN_CACHE,Hidden Cache,elite,ENCOUNTER.BYRDONIS_ELITE
1780601072,11,CARD.CHILD_OF_THE_STARS,Child Of The Stars,elite,ENCOUNTER.PHROG_PARASITE_ELITE
1780601072,15,CARD.GLITTERSTREAM,Glitterstream,elite,ENCOUNTER.BYGONE_EFFIGY_ELITE
1780601072,17,CARD.VOID_FORM,Void Form,boss,ENCOUNTER.VANTOM_BOSS
1780601072,19,CARD.CRUSH_UNDER,Crush Under,monster,ENCOUNTER.BOWLBUGS_WEAK
1780601072,20,CARD.PARRY,Parry,monster,ENCOUNTER.THIEVING_HOPPER_WEAK
1780601072,23,CARD.GLOW,Glow,monster,ENCOUNTER.THE_OBSCURA_NORMAL
1780601072,27,CARD.SEEKING_EDGE,Seeking Edge,elite,ENCOUNTER.ENTOMANCER_ELITE
1780601072,30,CARD.PROPHESIZE,Prophesize,monster,ENCOUNTER.EXOSKELETONS_NORMAL
1780601072,31,CARD.SPOILS_OF_BATTLE,Spoils Of Battle,elite,ENCOUNTER.INFESTED_PRISMS_ELITE
1780601072,33,CARD.SWORD_SAGE,Sword Sage,boss,ENCOUNTER.THE_INSATIABLE_BOSS
1780601072,35,CARD.KNOW_THY_PLACE,Know Thy Place,monster,ENCOUNTER.SCROLLS_OF_BITING_WEAK
1780601072,37,CARD.SUMMON_FORTH,Summon Forth,monster,ENCOUNTER.TURRET_OPERATOR_WEAK
1780601072,43,CARD.REFINE_BLADE,Refine Blade,monster,ENCOUNTER.FABRICATOR_NORMAL
1780440192,1,CARD.BACKFLIP,Backflip,ancient,EVENT.NEOW
1780440192,2,CARD.NOXIOUS_FUMES,Noxious Fumes,monster,ENCOUNTER.SHRINKER_BEETLE_WEAK
1780440192,3,CARD.CLOAK_AND_DAGGER,Cloak And Dagger,monster,ENCOUNTER.FUZZY_WURM_CRAWLER_WEAK
1780440192,6,CARD.EXPOSE,Expose,monster,ENCOUNTER.SLIMES_WEAK
1780440192,7,CARD.ACCURACY,Accuracy,elite,ENCOUNTER.BYGONE_EFFIGY_ELITE
1780440192,10,CARD.NOXIOUS_FUMES,Noxious Fumes,elite,ENCOUNTER.PHROG_PARASITE_ELITE
1780440192,11,CARD.STRANGLE,Strangle,monster,ENCOUNTER.FOGMOG_NORMAL
1780440192,13,CARD.ACCURACY,Accuracy,monster,ENCOUNTER.CUBEX_CONSTRUCT_NORMAL
1780440192,14,CARD.LEADING_STRIKE,Leading Strike,elite,ENCOUNTER.BYRDONIS_ELITE
1780440192,16,CARD.ENVENOM,Envenom,boss,ENCOUNTER.CEREMONIAL_BEAST_BOSS
1780440192,18,CARD.STRANGLE,Strangle,monster,ENCOUNTER.THIEVING_HOPPER_WEAK
1780440192,19,CARD.FINISHER,Finisher,monster,ENCOUNTER.EXOSKELETONS_WEAK
1780440192,21,CARD.ACROBATICS,Acrobatics,unknown,ENCOUNTER.THE_OBSCURA_NORMAL
1780440192,25,CARD.ACCURACY,Accuracy,shop,
1780440192,27,CARD.CLOAK_AND_DAGGER,Cloak And Dagger,unknown,ENCOUNTER.MYTES_NORMAL
1780440192,28,CARD.BACKFLIP,Backflip,elite,ENCOUNTER.DECIMILLIPEDE_ELITE
1780440192,31,CARD.ADRENALINE,Adrenaline,boss,ENCOUNTER.KNOWLEDGE_DEMON_BOSS
1780440192,33,CARD.PREPARED,Prepared,monster,ENCOUNTER.TURRET_OPERATOR_WEAK
1780440192,35,CARD.THINKING_AHEAD,Thinking Ahead,unknown,
1780440192,40,CARD.AFTERIMAGE,Afterimage,elite,ENCOUNTER.SOUL_NEXUS_ELITE
1780436527,2,CARD.BACKFLIP,Backflip,monster,ENCOUNTER.SLIMES_WEAK
1780436527,4,CARD.LEADING_STRIKE,Leading Strike,monster,ENCOUNTER.FUZZY_WURM_CRAWLER_WEAK
1780436527,5,CARD.PREPARED,Prepared,monster,ENCOUNTER.SHRINKER_BEETLE_WEAK
1780436527,6,CARD.RICOCHET,Ricochet,monster,ENCOUNTER.SNAPPING_JAXFRUIT_NORMAL
1780436527,8,CARD.REFLEX,Reflex,elite,ENCOUNTER.PHROG_PARASITE_ELITE
1780436527,11,CARD.MEMENTO_MORI,Memento Mori,elite,ENCOUNTER.BYRDONIS_ELITE
1780436527,13,CARD.DAGGER_THROW,Dagger Throw,elite,ENCOUNTER.BYGONE_EFFIGY_ELITE
1780436527,16,CARD.TOOLS_OF_THE_TRADE,Tools Of The Trade,boss,ENCOUNTER.VANTOM_BOSS
1780436527,19,CARD.SPEEDSTER,Speedster,shop,
1780436527,21,CARD.MASTER_PLANNER,Master Planner,monster,ENCOUNTER.THIEVING_HOPPER_WEAK
1780436527,22,CARD.PREPARED,Prepared,monster,ENCOUNTER.SPINY_TOAD_NORMAL
1780436527,25,CARD.TACTICIAN,Tactician,elite,ENCOUNTER.INFESTED_PRISMS_ELITE
1780414616,2,CARD.PREPARED,Prepared,monster,ENCOUNTER.FUZZY_WURM_CRAWLER_WEAK
1780414616,3,CARD.LEADING_STRIKE,Leading Strike,monster,ENCOUNTER.SHRINKER_BEETLE_WEAK
1780414616,4,CARD.KNIFE_TRAP,Knife Trap,monster,ENCOUNTER.SLIMES_WEAK
1780414616,5,CARD.BACKSTAB,Backstab,monster,ENCOUNTER.INKLETS_NORMAL
1780414616,6,CARD.HAND_TRICK,Hand Trick,monster,ENCOUNTER.FOGMOG_NORMAL
1780414616,7,CARD.PHANTOM_BLADES,Phantom Blades,monster,ENCOUNTER.FLYCONID_NORMAL
1780414616,9,CARD.ESCAPE_PLAN,Escape Plan,elite,ENCOUNTER.BYGONE_EFFIGY_ELITE
1780414616,13,CARD.BURST,Burst,monster,ENCOUNTER.VINE_SHAMBLER_NORMAL
1780414616,14,CARD.ACCURACY,Accuracy,unknown,ENCOUNTER.SLIMES_NORMAL
1780414616,15,CARD.AFTERIMAGE,Afterimage,elite,ENCOUNTER.BYRDONIS_ELITE
1780414616,17,CARD.TRACKING,Tracking,boss,ENCOUNTER.CEREMONIAL_BEAST_BOSS
1780414616,19,CARD.BLADE_DANCE,Blade Dance,monster,ENCOUNTER.EXOSKELETONS_WEAK
1780414616,21,CARD.PIERCING_WAIL,Piercing Wail,monster,ENCOUNTER.TUNNELER_WEAK
1780414616,22,CARD.UP_MY_SLEEVE,Up My Sleeve,unknown,ENCOUNTER.HUNTER_KILLER_NORMAL
1780414616,23,CARD.BACKSTAB,Backstab,monster,ENCOUNTER.SPINY_TOAD_NORMAL
1780414616,25,CARD.TOOLS_OF_THE_TRADE,Tools Of The Trade,elite,ENCOUNTER.INFESTED_PRISMS_ELITE
1780414616,29,CARD.ABRASIVE,Abrasive,elite,ENCOUNTER.ENTOMANCER_ELITE
1780414616,33,CARD.KNIFE_TRAP,Knife Trap,boss,ENCOUNTER.KAISER_CRAB_BOSS
1780414616,37,CARD.UP_MY_SLEEVE,Up My Sleeve,monster,ENCOUNTER.TURRET_OPERATOR_WEAK
1780414616,38,CARD.MASTER_PLANNER,Master Planner,unknown,EVENT.THE_FUTURE_OF_POTIONS
1780414616,40,CARD.CLOAK_AND_DAGGER,Cloak And Dagger,elite,ENCOUNTER.SOUL_NEXUS_ELITE
1780414616,42,CARD.ESCAPE_PLAN,Escape Plan,elite,ENCOUNTER.KNIGHTS_ELITE
1780339506,2,CARD.OUTBREAK,Outbreak,monster,ENCOUNTER.SLIMES_WEAK
1780339506,4,CARD.LEADING_STRIKE,Leading Strike,monster,ENCOUNTER.FUZZY_WURM_CRAWLER_WEAK
1780339506,5,CARD.BOUNCING_FLASK,Bouncing Flask,monster,ENCOUNTER.NIBBITS_WEAK
1780339506,7,CARD.BACKFLIP,Backflip,monster,ENCOUNTER.SNAPPING_JAXFRUIT_NORMAL
1780339506,8,CARD.UP_MY_SLEEVE,Up My Sleeve,elite,ENCOUNTER.BYGONE_EFFIGY_ELITE
1780339506,11,CARD.PIERCING_WAIL,Piercing Wail,monster,ENCOUNTER.RUBY_RAIDERS_NORMAL
1780339506,12,CARD.HAND_TRICK,Hand Trick,elite,ENCOUNTER.BYRDONIS_ELITE
1780319118,2,CARD.DEFY,Defy,monster,ENCOUNTER.CORPSE_SLUGS_WEAK
1780319118,3,CARD.GRAVEBLAST,Graveblast,monster,ENCOUNTER.SEAPUNK_WEAK
1780319118,4,CARD.FETCH,Fetch,monster,ENCOUNTER.SLUDGE_SPINNER_WEAK
1780319118,5,CARD.THE_SCYTHE,The Scythe,monster,ENCOUNTER.SEAPUNK_NORMAL
1780319118,6,CARD.DEATHBRINGER,Deathbringer,monster,ENCOUNTER.CULTISTS_NORMAL
1780319118,7,CARD.SCOURGE,Scourge,monster,ENCOUNTER.HAUNTED_SHIP_NORMAL
1780319118,8,CARD.INVOKE,Invoke,monster,ENCOUNTER.PUNCH_CONSTRUCT_NORMAL
1780319118,12,CARD.MISERY,Misery,elite,ENCOUNTER.TERROR_EEL_ELITE
1780319118,14,CARD.AFTERLIFE,Afterlife,elite,ENCOUNTER.PHANTASMAL_GARDENERS_ELITE
1780319118,17,CARD.END_OF_DAYS,End Of Days,boss,ENCOUNTER.LAGAVULIN_MATRIARCH_BOSS
1780319118,19,CARD.GRAVEBLAST,Graveblast,monster,ENCOUNTER.EXOSKELETONS_WEAK
1780319118,21,CARD.CAPTURE_SPIRIT,Capture Spirit,unknown,ENCOUNTER.TUNNELER_WEAK
1780319118,22,CARD.SCULPTING_STRIKE,Sculpting Strike,monster,ENCOUNTER.CHOMPERS_NORMAL
1780319118,23,CARD.BONE_SHARDS,Bone Shards,monster,ENCOUNTER.LOUSE_PROGENITOR_NORMAL
1780319118,24,CARD.VEILPIERCER,Veilpiercer,monster,ENCOUNTER.HUNTER_KILLER_NORMAL
1780319118,25,CARD.DEFY,Defy,monster,ENCOUNTER.EXOSKELETONS_NORMAL
1780319118,27,CARD.DEATHS_DOOR,Deaths Door,monster,ENCOUNTER.BOWLBUGS_NORMAL
1780319118,28,CARD.COUNTDOWN,Countdown,monster,ENCOUNTER.MYTES_NORMAL
1780319118,30,CARD.LETHALITY,Lethality,monster,ENCOUNTER.THE_OBSCURA_NORMAL
1780319118,31,CARD.BLIGHT_STRIKE,Blight Strike,elite,ENCOUNTER.INFESTED_PRISMS_ELITE
1780319118,33,CARD.NEUROSURGE,Neurosurge,boss,ENCOUNTER.KAISER_CRAB_BOSS
1780319118,35,CARD.BLIGHT_STRIKE,Blight Strike,monster,ENCOUNTER.TURRET_OPERATOR_WEAK
1780319118,36,CARD.NO_ESCAPE,No Escape,monster,ENCOUNTER.SCROLLS_OF_BITING_WEAK
1780319118,37,CARD.INVOKE,Invoke,unknown,ENCOUNTER.OWL_MAGISTRATE_NORMAL
1780319118,38,CARD.DANSE_MACABRE,Danse Macabre,monster,ENCOUNTER.CONSTRUCT_MENAGERIE_NORMAL
1780319118,46,CARD.PUTREFY,Putrefy,elite,ENCOUNTER.SOUL_NEXUS_ELITE
1780270025,2,CARD.HOLOGRAM,Hologram,monster,ENCOUNTER.CORPSE_SLUGS_WEAK
1780270025,3,CARD.BEAM_CELL,Beam Cell,monster,ENCOUNTER.TOADPOLES_WEAK
1780270025,4,CARD.GUNK_UP,Gunk Up,monster,ENCOUNTER.SLUDGE_SPINNER_WEAK
1780270025,6,CARD.GUNK_UP,Gunk Up,monster,ENCOUNTER.GREMLIN_MERC_NORMAL
1780270025,7,CARD.COOLANT,Coolant,monster,ENCOUNTER.CORPSE_SLUGS_NORMAL
1780270025,8,CARD.CHARGE_BATTERY,Charge Battery,elite,ENCOUNTER.TERROR_EEL_ELITE
1780270025,11,CARD.LEAP,Leap,elite,ENCOUNTER.PHANTASMAL_GARDENERS_ELITE
1780270025,13,CARD.MACHINE_LEARNING,Machine Learning,monster,ENCOUNTER.HAUNTED_SHIP_NORMAL
1780270025,14,CARD.ADAPTIVE_STRIKE,Adaptive Strike,elite,ENCOUNTER.SKULKING_COLONY_ELITE
1780270025,16,CARD.MACHINE_LEARNING,Machine Learning,boss,ENCOUNTER.SOUL_FYSH_BOSS
1780270025,18,CARD.MOMENTUM_STRIKE,Momentum Strike,monster,ENCOUNTER.TUNNELER_WEAK
1780270025,20,CARD.LIGHTNING_ROD,Lightning Rod,monster,ENCOUNTER.THIEVING_HOPPER_WEAK
1780270025,22,CARD.ROCKET_PUNCH,Rocket Punch,monster,ENCOUNTER.EXOSKELETONS_NORMAL
1780270025,26,CARD.BUFFER,Buffer,elite,ENCOUNTER.ENTOMANCER_ELITE
1780270025,29,CARD.GUNK_UP,Gunk Up,elite,ENCOUNTER.INFESTED_PRISMS_ELITE
1780270025,31,CARD.ECHO_FORM,Echo Form,boss,ENCOUNTER.THE_INSATIABLE_BOSS
1780270025,33,CARD.FERAL,Feral,monster,ENCOUNTER.DEVOTED_SCULPTOR_WEAK
1780270025,34,CARD.COMPACT,Compact,monster,ENCOUNTER.SCROLLS_OF_BITING_WEAK
1780270025,36,CARD.COOLHEADED,Coolheaded,monster,ENCOUNTER.SLIMED_BERSERKER_NORMAL
1780270025,37,CARD.SUPERCRITICAL,Supercritical,monster,ENCOUNTER.SCROLLS_OF_BITING_NORMAL
1780270025,39,CARD.MODDED,Modded,elite,ENCOUNTER.SOUL_NEXUS_ELITE
1780266320,2,CARD.CHARGE_BATTERY,Charge Battery,monster,ENCOUNTER.NIBBITS_WEAK
1780266320,3,CARD.LIGHTNING_ROD,Lightning Rod,monster,ENCOUNTER.SHRINKER_BEETLE_WEAK
1780266320,4,CARD.SWEEPING_BEAM,Sweeping Beam,monster,ENCOUNTER.SLIMES_WEAK
1780266320,8,CARD.COMPACT,Compact,elite,ENCOUNTER.BYGONE_EFFIGY_ELITE
1780266320,10,CARD.THUNDER,Thunder,elite,ENCOUNTER.BYRDONIS_ELITE
1780266320,14,CARD.GUNK_UP,Gunk Up,elite,ENCOUNTER.PHROG_PARASITE_ELITE
1780266320,16,CARD.VOLTAIC,Voltaic,boss,ENCOUNTER.VANTOM_BOSS
1780266320,18,CARD.DOUBLE_ENERGY,Double Energy,monster,ENCOUNTER.EXOSKELETONS_WEAK
1780266320,19,CARD.FOCUSED_STRIKE,Focused Strike,monster,ENCOUNTER.THIEVING_HOPPER_WEAK
1780266320,20,CARD.LOOP,Loop,monster,ENCOUNTER.OVICOPTER_NORMAL
1780229507,2,CARD.INVOKE,Invoke,monster,ENCOUNTER.FUZZY_WURM_CRAWLER_WEAK
1780229507,3,CARD.ENFEEBLING_TOUCH,Enfeebling Touch,monster,ENCOUNTER.NIBBITS_WEAK
1780229507,4,CARD.NEGATIVE_PULSE,Negative Pulse,monster,ENCOUNTER.SLIMES_WEAK
1780229507,5,CARD.THE_SCYTHE,The Scythe,monster,ENCOUNTER.INKLETS_NORMAL
1780229507,6,CARD.GRAVE_WARDEN,Grave Warden,monster,ENCOUNTER.RUBY_RAIDERS_NORMAL
1780229507,8,CARD.SIC_EM,Sic Em,unknown,ENCOUNTER.SNAPPING_JAXFRUIT_NORMAL
1780229507,11,CARD.FETCH,Fetch,unknown,ENCOUNTER.FOGMOG_NORMAL
1780229507,15,CARD.SPIRIT_OF_ASH,Spirit Of Ash,elite,ENCOUNTER.BYGONE_EFFIGY_ELITE
1780229507,17,CARD.NEUROSURGE,Neurosurge,boss,ENCOUNTER.VANTOM_BOSS
1780229507,19,CARD.DIRGE,Dirge,monster,ENCOUNTER.THIEVING_HOPPER_WEAK
1780229507,21,CARD.VEILPIERCER,Veilpiercer,monster,ENCOUNTER.BOWLBUGS_WEAK
1780229507,22,CARD.NO_ESCAPE,No Escape,monster,ENCOUNTER.CHOMPERS_NORMAL
1780229507,23,CARD.PULL_AGGRO,Pull Aggro,monster,ENCOUNTER.LOUSE_PROGENITOR_NORMAL
1780229507,27,CARD.PAGESTORM,Pagestorm,elite,ENCOUNTER.INFESTED_PRISMS_ELITE
1780229507,28,CARD.DEFY,Defy,monster,ENCOUNTER.EXOSKELETONS_NORMAL
1780229507,30,CARD.REAPER_FORM,Reaper Form,elite,ENCOUNTER.ENTOMANCER_ELITE
1780229507,31,CARD.SNAP,Snap,monster,ENCOUNTER.SPINY_TOAD_NORMAL
1780170424,2,CARD.DEFY,Defy,monster,ENCOUNTER.SHRINKER_BEETLE_WEAK
1780170424,3,CARD.DEATHBRINGER,Deathbringer,monster,ENCOUNTER.NIBBITS_WEAK
1780170424,4,CARD.PUTREFY,Putrefy,monster,ENCOUNTER.SLIMES_WEAK
1780170424,5,CARD.AFTERLIFE,Afterlife,monster,ENCOUNTER.FOGMOG_NORMAL
1780170424,6,CARD.HANG,Hang,monster,ENCOUNTER.VINE_SHAMBLER_NORMAL
1780170424,8,CARD.DREDGE,Dredge,elite,ENCOUNTER.BYRDONIS_ELITE
1780170424,11,CARD.GRAVEBLAST,Graveblast,monster,ENCOUNTER.CUBEX_CONSTRUCT_NORMAL
1780170424,12,CARD.SPIRIT_OF_ASH,Spirit Of Ash,elite,ENCOUNTER.BYGONE_EFFIGY_ELITE
1780170424,14,CARD.VEILPIERCER,Veilpiercer,monster,ENCOUNTER.OVERGROWTH_CRAWLERS
1780170424,15,CARD.REAVE,Reave,unknown,EVENT.DENSE_VEGETATION
1780170424,17,CARD.NEUROSURGE,Neurosurge,boss,ENCOUNTER.CEREMONIAL_BEAST_BOSS
1780170424,19,CARD.LETHALITY,Lethality,monster,ENCOUNTER.TUNNELER_WEAK
1780170424,21,CARD.POKE,Poke,monster,ENCOUNTER.THIEVING_HOPPER_WEAK
1780170424,22,CARD.AFTERLIFE,Afterlife,monster,ENCOUNTER.BOWLBUGS_NORMAL
1780170424,23,CARD.PULL_FROM_BELOW,Pull From Below,monster,ENCOUNTER.LOUSE_PROGENITOR_NORMAL
1780170424,25,CARD.FLATTEN,Flatten,elite,ENCOUNTER.INFESTED_PRISMS_ELITE
1780170424,27,CARD.FETCH,Fetch,unknown,EVENT.CRYSTAL_SPHERE
1780170424,30,CARD.FLATTEN,Flatten,monster,ENCOUNTER.CHOMPERS_NORMAL
1780170424,31,CARD.PARSE,Parse,elite,ENCOUNTER.ENTOMANCER_ELITE
1780170424,33,CARD.REAPER_FORM,Reaper Form,boss,ENCOUNTER.KNOWLEDGE_DEMON_BOSS
1780170424,35,CARD.LETHALITY,Lethality,monster,ENCOUNTER.DEVOTED_SCULPTOR_WEAK
1780170424,36,CARD.DEFY,Defy,monster,ENCOUNTER.TURRET_OPERATOR_WEAK
1780170424,38,CARD.FETCH,Fetch,monster,ENCOUNTER.FABRICATOR_NORMAL
1780170424,40,CARD.WISP,Wisp,elite,ENCOUNTER.KNIGHTS_ELITE
1780170424,44,CARD.SEVERANCE,Severance,monster,ENCOUNTER.CONSTRUCT_MENAGERIE_NORMAL
1780170424,45,CARD.LETHALITY,Lethality,elite,ENCOUNTER.MECHA_KNIGHT_ELITE
1780170424,46,CARD.GRAVEBLAST,Graveblast,monster,ENCOUNTER.OWL_MAGISTRATE_NORMAL
1780138064,2,CARD.FRIENDSHIP,Friendship,monster,ENCOUNTER.SLUDGE_SPINNER_WEAK
1780138064,3,CARD.DRAIN_POWER,Drain Power,monster,ENCOUNTER.TOADPOLES_WEAK
1780138064,4,CARD.INVOKE,Invoke,monster,ENCOUNTER.CORPSE_SLUGS_WEAK
1780138064,5,CARD.AFTERLIFE,Afterlife,monster,ENCOUNTER.FOSSIL_STALKER_NORMAL
1780138064,6,CARD.GRAVE_WARDEN,Grave Warden,monster,ENCOUNTER.PUNCH_CONSTRUCT_NORMAL
1780138064,9,CARD.REANIMATE,Reanimate,elite,ENCOUNTER.SKULKING_COLONY_ELITE
1780138064,11,CARD.INVOKE,Invoke,monster,ENCOUNTER.GREMLIN_MERC_NORMAL
1780138064,12,CARD.FLATTEN,Flatten,monster,ENCOUNTER.TWO_TAILED_RATS_NORMAL
1780138064,14,CARD.SENTRY_MODE,Sentry Mode,monster,ENCOUNTER.LIVING_FOG_NORMAL
1780138064,15,CARD.VEILPIERCER,Veilpiercer,elite,ENCOUNTER.PHANTASMAL_GARDENERS_ELITE
1780138064,17,CARD.DEVOUR_LIFE,Devour Life,boss,ENCOUNTER.SOUL_FYSH_BOSS
1780138064,19,CARD.POKE,Poke,monster,ENCOUNTER.BOWLBUGS_WEAK
1780138064,20,CARD.REAVE,Reave,monster,ENCOUNTER.EXOSKELETONS_WEAK
1780138064,22,CARD.DEFY,Defy,monster,ENCOUNTER.MYTES_NORMAL
1780138064,23,CARD.VEILPIERCER,Veilpiercer,monster,ENCOUNTER.HUNTER_KILLER_NORMAL
1780138064,25,CARD.SNAP,Snap,elite,ENCOUNTER.DECIMILLIPEDE_ELITE
1780138064,31,CARD.ENFEEBLING_TOUCH,Enfeebling Touch,elite,ENCOUNTER.INFESTED_PRISMS_ELITE
1780138064,33,CARD.NEUROSURGE,Neurosurge,boss,ENCOUNTER.KAISER_CRAB_BOSS
1780138064,35,CARD.FEAR,Fear,monster,ENCOUNTER.TURRET_OPERATOR_WEAK
1780138064,36,CARD.CAPTURE_SPIRIT,Capture Spirit,monster,ENCOUNTER.DEVOTED_SCULPTOR_WEAK
1780138064,37,CARD.REAVE,Reave,monster,ENCOUNTER.AXEBOTS_NORMAL
1780138064,38,CARD.PAGESTORM,Pagestorm,monster,ENCOUNTER.OWL_MAGISTRATE_NORMAL
1780138064,39,CARD.BANSHEES_CRY,Banshees Cry,monster,ENCOUNTER.SLIMED_BERSERKER_NORMAL
1780138064,42,CARD.DEFY,Defy,elite,ENCOUNTER.SOUL_NEXUS_ELITE
1780138064,44,CARD.PUTREFY,Putrefy,elite,ENCOUNTER.MECHA_KNIGHT_ELITE
1780097816,2,CARD.POKE,Poke,monster,ENCOUNTER.SEAPUNK_WEAK
1780097816,5,CARD.VEILPIERCER,Veilpiercer,monster,ENCOUNTER.SLUDGE_SPINNER_WEAK
1780097816,6,CARD.GRAVE_WARDEN,Grave Warden,monster,ENCOUNTER.CORPSE_SLUGS_WEAK
1780097816,8,CARD.GRAVE_WARDEN,Grave Warden,monster,ENCOUNTER.PUNCH_CONSTRUCT_NORMAL
1780097816,10,CARD.HIGH_FIVE,High Five,elite,ENCOUNTER.TERROR_EEL_ELITE
1780097816,11,CARD.LETHALITY,Lethality,monster,ENCOUNTER.HAUNTED_SHIP_NORMAL
1780097816,12,CARD.CAPTURE_SPIRIT,Capture Spirit,monster,ENCOUNTER.GREMLIN_MERC_NORMAL
1780097816,13,CARD.LETHALITY,Lethality,monster,ENCOUNTER.SEAPUNK_NORMAL
1780097816,14,CARD.REAVE,Reave,elite,ENCOUNTER.SKULKING_COLONY_ELITE
1780097816,16,CARD.GLIMPSE_BEYOND,Glimpse Beyond,boss,ENCOUNTER.SOUL_FYSH_BOSS
1780097816,18,CARD.ENFEEBLING_TOUCH,Enfeebling Touch,monster,ENCOUNTER.THIEVING_HOPPER_WEAK
1780097816,19,CARD.AFTERLIFE,Afterlife,monster,ENCOUNTER.EXOSKELETONS_WEAK
1780097816,20,CARD.SIC_EM,Sic Em,monster,ENCOUNTER.LOUSE_PROGENITOR_NORMAL
1780097816,21,CARD.DEFILE,Defile,monster,ENCOUNTER.SLUMBERING_BEETLE_NORMAL
1780097816,26,CARD.GRAVE_WARDEN,Grave Warden,elite,ENCOUNTER.DECIMILLIPEDE_ELITE
1780097816,29,CARD.REAP,Reap,elite,ENCOUNTER.ENTOMANCER_ELITE
1780097816,31,CARD.SENTRY_MODE,Sentry Mode,boss,ENCOUNTER.THE_INSATIABLE_BOSS
1780097816,33,CARD.WISP,Wisp,monster,ENCOUNTER.SCROLLS_OF_BITING_WEAK
1780097816,36,CARD.SQUEEZE,Squeeze,unknown,ENCOUNTER.TURRET_OPERATOR_WEAK
1780097816,37,CARD.PULL_FROM_BELOW,Pull From Below,monster,ENCOUNTER.CONSTRUCT_MENAGERIE_NORMAL
1780097816,39,CARD.SCULPTING_STRIKE,Sculpting Strike,elite,ENCOUNTER.MECHA_KNIGHT_ELITE
1780097816,40,CARD.INVOKE,Invoke,monster,ENCOUNTER.GLOBE_HEAD_NORMAL
1780097816,42,CARD.INVOKE,Invoke,monster,ENCOUNTER.AXEBOTS_NORMAL
1780097816,43,CARD.CALL_OF_THE_VOID,Call Of The Void,elite,ENCOUNTER.SOUL_NEXUS_ELITE
1780093606,2,CARD.DEFY,Defy,monster,ENCOUNTER.SEAPUNK_WEAK
1780093606,6,CARD.DIRGE,Dirge,unknown,ENCOUNTER.TOADPOLES_WEAK
1780093606,7,CARD.END_OF_DAYS,End Of Days,elite,ENCOUNTER.TERROR_EEL_ELITE
1780093606,10,CARD.BLIGHT_STRIKE,Blight Strike,monster,ENCOUNTER.CORPSE_SLUGS_WEAK
1780093606,11,CARD.VEILPIERCER,Veilpiercer,monster,ENCOUNTER.PUNCH_CONSTRUCT_NORMAL
1780093606,13,CARD.DEATHS_DOOR,Deaths Door,monster,ENCOUNTER.GREMLIN_MERC_NORMAL
1780093606,14,CARD.WISP,Wisp,elite,ENCOUNTER.PHANTASMAL_GARDENERS_ELITE
1780093606,16,CARD.SEANCE,Seance,boss,ENCOUNTER.SOUL_FYSH_BOSS
1780093606,18,CARD.SHROUD,Shroud,monster,ENCOUNTER.BOWLBUGS_WEAK
1780093606,20,CARD.FEAR,Fear,monster,ENCOUNTER.THIEVING_HOPPER_WEAK
1780093606,21,CARD.RIGHT_HAND_HAND,Right Hand Hand,monster,ENCOUNTER.MYTES_NORMAL
1780093606,26,CARD.ENFEEBLING_TOUCH,Enfeebling Touch,elite,ENCOUNTER.ENTOMANCER_ELITE
1780093606,29,CARD.MELANCHOLY,Melancholy,elite,ENCOUNTER.DECIMILLIPEDE_ELITE
1780089985,2,CARD.SHROUD,Shroud,monster,ENCOUNTER.SLUDGE_SPINNER_WEAK
1780089985,3,CARD.SCOURGE,Scourge,monster,ENCOUNTER.SEAPUNK_WEAK
1780089985,4,CARD.WISP,Wisp,monster,ENCOUNTER.CORPSE_SLUGS_WEAK
1780089985,5,CARD.LEGION_OF_BONE,Legion Of Bone,monster,ENCOUNTER.PUNCH_CONSTRUCT_NORMAL
1780089985,6,CARD.FETCH,Fetch,monster,ENCOUNTER.LIVING_FOG_NORMAL
1780089985,8,CARD.DREDGE,Dredge,monster,ENCOUNTER.TWO_TAILED_RATS_NORMAL
1780089985,11,CARD.SCOURGE,Scourge,elite,ENCOUNTER.SKULKING_COLONY_ELITE
1780089985,13,CARD.HIGH_FIVE,High Five,elite,ENCOUNTER.PHANTASMAL_GARDENERS_ELITE
1780089985,14,CARD.NEGATIVE_PULSE,Negative Pulse,monster,ENCOUNTER.HAUNTED_SHIP_NORMAL
1780089985,16,CARD.NEUROSURGE,Neurosurge,boss,ENCOUNTER.WATERFALL_GIANT_BOSS
1780089985,18,CARD.COUNTDOWN,Countdown,monster,ENCOUNTER.BOWLBUGS_WEAK
1780089985,19,CARD.REAVE,Reave,monster,ENCOUNTER.EXOSKELETONS_WEAK
1780089985,20,CARD.FRIENDSHIP,Friendship,monster,ENCOUNTER.BOWLBUGS_NORMAL
1780089985,21,CARD.SLEIGHT_OF_FLESH,Sleight Of Flesh,monster,ENCOUNTER.OVICOPTER_NORMAL
1780089985,23,CARD.COUNTDOWN,Countdown,elite,ENCOUNTER.ENTOMANCER_ELITE
1780084060,2,CARD.AFTERLIFE,Afterlife,monster,ENCOUNTER.SHRINKER_BEETLE_WEAK
1780084060,3,CARD.INVOKE,Invoke,monster,ENCOUNTER.NIBBITS_WEAK
1780084060,6,CARD.DELAY,Delay,monster,ENCOUNTER.SLIMES_WEAK
1780084060,7,CARD.DEFY,Defy,unknown,ENCOUNTER.SLITHERING_STRANGLER_NORMAL
1780084060,8,CARD.SENTRY_MODE,Sentry Mode,elite,ENCOUNTER.BYGONE_EFFIGY_ELITE
1780084060,9,CARD.SIC_EM,Sic Em,monster,ENCOUNTER.OVERGROWTH_CRAWLERS
1780084060,12,CARD.CALCIFY,Calcify,elite,ENCOUNTER.BYRDONIS_ELITE
1780084060,13,CARD.SPIRIT_OF_ASH,Spirit Of Ash,monster,ENCOUNTER.FOGMOG_NORMAL
1780084060,14,CARD.WISP,Wisp,monster,ENCOUNTER.RUBY_RAIDERS_NORMAL
1780084060,15,CARD.PULL_AGGRO,Pull Aggro,monster,ENCOUNTER.SNAPPING_JAXFRUIT_NORMAL
1780084060,17,CARD.DEVOUR_LIFE,Devour Life,boss,ENCOUNTER.CEREMONIAL_BEAST_BOSS
1780084060,19,CARD.SNAP,Snap,monster,ENCOUNTER.THIEVING_HOPPER_WEAK
1780084060,21,CARD.SEVERANCE,Severance,monster,ENCOUNTER.EXOSKELETONS_WEAK
1780084060,22,CARD.GRAVE_WARDEN,Grave Warden,unknown,EVENT.THE_FUTURE_OF_POTIONS
1780084060,24,CARD.CAPTURE_SPIRIT,Capture Spirit,elite,ENCOUNTER.DECIMILLIPEDE_ELITE
1780084060,28,CARD.SQUEEZE,Squeeze,elite,ENCOUNTER.ENTOMANCER_ELITE
1780084060,31,CARD.DEFILE,Defile,unknown,ENCOUNTER.EXOSKELETONS_NORMAL
1780084060,33,CARD.NECRO_MASTERY,Necro Mastery,boss,ENCOUNTER.KNOWLEDGE_DEMON_BOSS
1780084060,35,CARD.WISP,Wisp,monster,ENCOUNTER.TURRET_OPERATOR_WEAK
1780084060,37,CARD.WISP,Wisp,monster,ENCOUNTER.DEVOTED_SCULPTOR_WEAK
1780084060,40,CARD.UNDEATH,Undeath,elite,ENCOUNTER.MECHA_KNIGHT_ELITE
1780084060,43,CARD.CAPTURE_SPIRIT,Capture Spirit,elite,ENCOUNTER.KNIGHTS_ELITE
1780084060,45,CARD.ERADICATE,Eradicate,elite,ENCOUNTER.SOUL_NEXUS_ELITE
1780084060,46,CARD.SPUR,Spur,monster,ENCOUNTER.THE_LOST_AND_FORGOTTEN_NORMAL
1780009910,2,CARD.SCOURGE,Scourge,monster,ENCOUNTER.SEAPUNK_WEAK
1780009910,3,CARD.SOW,Sow,monster,ENCOUNTER.SLUDGE_SPINNER_WEAK
1780009910,4,CARD.REAVE,Reave,monster,ENCOUNTER.CORPSE_SLUGS_WEAK
1780009910,5,CARD.MELANCHOLY,Melancholy,monster,ENCOUNTER.SEAPUNK_NORMAL
1780009910,7,CARD.SHOCKWAVE,Shockwave,unknown,EVENT.BRAIN_LEECH
1780009910,9,CARD.PARSE,Parse,elite,ENCOUNTER.PHANTASMAL_GARDENERS_ELITE
1780009910,11,CARD.GRAVE_WARDEN,Grave Warden,monster,ENCOUNTER.HAUNTED_SHIP_NORMAL
1780009910,14,CARD.TRANSFIGURE,Transfigure,monster,ENCOUNTER.FOSSIL_STALKER_NORMAL
1780009910,15,CARD.SCOURGE,Scourge,elite,ENCOUNTER.SKULKING_COLONY_ELITE
1780009910,17,CARD.NEUROSURGE,Neurosurge,boss,ENCOUNTER.WATERFALL_GIANT_BOSS
1780009910,18,CARD.DEMESNE,Demesne,ancient,EVENT.OROBAS
1780009910,19,CARD.REAVE,Reave,monster,ENCOUNTER.THIEVING_HOPPER_WEAK
1780009910,20,CARD.WISP,Wisp,monster,ENCOUNTER.BOWLBUGS_WEAK
1780009910,22,CARD.REAP,Reap,monster,ENCOUNTER.EXOSKELETONS_NORMAL
1779839177,1,CARD.SOW,Sow,ancient,EVENT.NEOW
1779839177,2,CARD.BLIGHT_STRIKE,Blight Strike,monster,ENCOUNTER.TOADPOLES_WEAK
1779839177,5,CARD.INVOKE,Invoke,unknown,ENCOUNTER.SLUDGE_SPINNER_WEAK
1779839177,6,CARD.DEATHBRINGER,Deathbringer,monster,ENCOUNTER.SEAPUNK_WEAK
1779839177,9,CARD.PAGESTORM,Pagestorm,elite,ENCOUNTER.TERROR_EEL_ELITE
1779839177,14,CARD.FEAR,Fear,monster,ENCOUNTER.GREMLIN_MERC_NORMAL
1779839177,15,CARD.DEFY,Defy,elite,ENCOUNTER.PHANTASMAL_GARDENERS_ELITE
1779839177,17,CARD.MISERY,Misery,boss,ENCOUNTER.LAGAVULIN_MATRIARCH_BOSS
1779839177,19,CARD.DEFILE,Defile,monster,ENCOUNTER.BOWLBUGS_WEAK
1779839177,21,CARD.NEGATIVE_PULSE,Negative Pulse,monster,ENCOUNTER.LOUSE_PROGENITOR_NORMAL
1779839177,25,CARD.SLEIGHT_OF_FLESH,Sleight Of Flesh,elite,ENCOUNTER.ENTOMANCER_ELITE
1779839177,30,CARD.WISP,Wisp,elite,ENCOUNTER.INFESTED_PRISMS_ELITE
1779839177,33,CARD.UNDEATH,Undeath,boss,ENCOUNTER.THE_INSATIABLE_BOSS
1779839177,35,CARD.GRAVE_WARDEN,Grave Warden,monster,ENCOUNTER.DEVOTED_SCULPTOR_WEAK
1779839177,37,CARD.NEGATIVE_PULSE,Negative Pulse,monster,ENCOUNTER.OWL_MAGISTRATE_NORMAL
1779839177,39,CARD.SEVERANCE,Severance,monster,ENCOUNTER.FROG_KNIGHT_NORMAL
1779839177,40,CARD.WISP,Wisp,elite,ENCOUNTER.KNIGHTS_ELITE
1779836830,2,CARD.BLIGHT_STRIKE,Blight Strike,monster,ENCOUNTER.SEAPUNK_WEAK
1779836830,3,CARD.PARSE,Parse,monster,ENCOUNTER.TOADPOLES_WEAK
1779836830,4,CARD.PARSE,Parse,monster,ENCOUNTER.CORPSE_SLUGS_WEAK
1779836830,6,CARD.GRAVEBLAST,Graveblast,monster,ENCOUNTER.HAUNTED_SHIP_NORMAL
1779836830,8,CARD.SNAP,Snap,monster,ENCOUNTER.CULTISTS_NORMAL
1779836830,11,CARD.NEUROSURGE,Neurosurge,monster,ENCOUNTER.SEAPUNK_NORMAL
1779836830,12,CARD.SLEIGHT_OF_FLESH,Sleight Of Flesh,elite,ENCOUNTER.SKULKING_COLONY_ELITE
1779836830,14,CARD.BONE_SHARDS,Bone Shards,monster,ENCOUNTER.LIVING_FOG_NORMAL
1779728092,1,CARD.FRIENDSHIP,Friendship,ancient,EVENT.NEOW
1779728092,2,CARD.WISP,Wisp,monster,ENCOUNTER.FUZZY_WURM_CRAWLER_WEAK
1779728092,3,CARD.SPUR,Spur,monster,ENCOUNTER.NIBBITS_WEAK
1779728092,4,CARD.SEVERANCE,Severance,monster,ENCOUNTER.SHRINKER_BEETLE_WEAK
1779728092,6,CARD.BURY,Bury,monster,ENCOUNTER.NIBBITS_NORMAL
1779728092,8,CARD.PARSE,Parse,monster,ENCOUNTER.MAWLER_NORMAL
1779728092,11,CARD.REANIMATE,Reanimate,monster,ENCOUNTER.RUBY_RAIDERS_NORMAL
1779728092,12,CARD.NEGATIVE_PULSE,Negative Pulse,monster,ENCOUNTER.SLIMES_NORMAL
1779728092,15,CARD.DEFY,Defy,unknown,ENCOUNTER.CUBEX_CONSTRUCT_NORMAL
1779728092,17,CARD.TRANSFIGURE,Transfigure,boss,ENCOUNTER.CEREMONIAL_BEAST_BOSS
1779728092,19,CARD.GRAVE_WARDEN,Grave Warden,monster,ENCOUNTER.EXOSKELETONS_WEAK
1779728092,22,CARD.LETHALITY,Lethality,monster,ENCOUNTER.OVICOPTER_NORMAL
1779728092,24,CARD.ERADICATE,Eradicate,monster,ENCOUNTER.THE_OBSCURA_NORMAL
1779728092,27,CARD.SNAP,Snap,monster,ENCOUNTER.EXOSKELETONS_NORMAL
1779728092,30,CARD.RATTLE,Rattle,elite,ENCOUNTER.INFESTED_PRISMS_ELITE
1779728092,31,CARD.PUTREFY,Putrefy,monster,ENCOUNTER.SPINY_TOAD_NORMAL
1779725866,2,CARD.NEGATIVE_PULSE,Negative Pulse,monster,ENCOUNTER.SLUDGE_SPINNER_WEAK
1779725866,4,CARD.WISP,Wisp,monster,ENCOUNTER.TOADPOLES_WEAK
1779725866,5,CARD.DEFY,Defy,monster,ENCOUNTER.CORPSE_SLUGS_WEAK
1779725866,7,CARD.SCOURGE,Scourge,monster,ENCOUNTER.TWO_TAILED_RATS_NORMAL
1779725866,8,CARD.INVOKE,Invoke,elite,ENCOUNTER.SKULKING_COLONY_ELITE
1779725866,9,CARD.DRAIN_POWER,Drain Power,monster,ENCOUNTER.GREMLIN_MERC_NORMAL
1779725866,12,CARD.CAPTURE_SPIRIT,Capture Spirit,monster,ENCOUNTER.SEWER_CLAM_NORMAL
1779725866,14,CARD.INVOKE,Invoke,elite,ENCOUNTER.PHANTASMAL_GARDENERS_ELITE
1779725866,15,CARD.COUNTDOWN,Countdown,monster,ENCOUNTER.SEAPUNK_NORMAL
1779568127,2,CARD.FINISHER,Finisher,monster,ENCOUNTER.SLUDGE_SPINNER_WEAK
1779568127,5,CARD.WELL_LAID_PLANS,Well Laid Plans,unknown,ENCOUNTER.TOADPOLES_WEAK
1779568127,8,CARD.CALCULATED_GAMBLE,Calculated Gamble,elite,ENCOUNTER.SKULKING_COLONY_ELITE
1779568127,9,CARD.BLADE_DANCE,Blade Dance,monster,ENCOUNTER.SEAPUNK_WEAK
1779568127,12,CARD.BLADE_DANCE,Blade Dance,monster,ENCOUNTER.LIVING_FOG_NORMAL
1779568127,14,CARD.PREPARED,Prepared,elite,ENCOUNTER.TERROR_EEL_ELITE
1779568127,15,CARD.RICOCHET,Ricochet,monster,ENCOUNTER.TWO_TAILED_RATS_NORMAL
1779568127,17,CARD.BULLET_TIME,Bullet Time,boss,ENCOUNTER.LAGAVULIN_MATRIARCH_BOSS
1779568127,18,CARD.FAN_OF_KNIVES,Fan Of Knives,ancient,EVENT.OROBAS
1779568127,19,CARD.SUCKER_PUNCH,Sucker Punch,monster,ENCOUNTER.TUNNELER_WEAK
1779568127,20,CARD.SPEEDSTER,Speedster,monster,ENCOUNTER.EXOSKELETONS_WEAK
1779568127,22,CARD.FLICK_FLACK,Flick Flack,monster,ENCOUNTER.OVICOPTER_NORMAL
1779568127,25,CARD.BACKSTAB,Backstab,elite,ENCOUNTER.ENTOMANCER_ELITE
1779568127,28,CARD.SUCKER_PUNCH,Sucker Punch,monster,ENCOUNTER.SPINY_TOAD_NORMAL
1779568127,30,CARD.SHADOWMELD,Shadowmeld,unknown,ENCOUNTER.LOUSE_PROGENITOR_NORMAL
1779568127,33,CARD.SERPENT_FORM,Serpent Form,boss,ENCOUNTER.KNOWLEDGE_DEMON_BOSS
1779568127,35,CARD.CLOAK_AND_DAGGER,Cloak And Dagger,monster,ENCOUNTER.DEVOTED_SCULPTOR_WEAK
1779568127,37,CARD.STRANGLE,Strangle,monster,ENCOUNTER.TURRET_OPERATOR_WEAK
1779568127,38,CARD.UP_MY_SLEEVE,Up My Sleeve,monster,ENCOUNTER.THE_LOST_AND_FORGOTTEN_NORMAL
1779568127,39,CARD.UP_MY_SLEEVE,Up My Sleeve,monster,ENCOUNTER.SLIMED_BERSERKER_NORMAL
1779568127,43,CARD.REFLEX,Reflex,elite,ENCOUNTER.MECHA_KNIGHT_ELITE
1779568127,46,CARD.EXPERTISE,Expertise,unknown,ENCOUNTER.CONSTRUCT_MENAGERIE_NORMAL
1779536512,2,CARD.CLOAK_OF_STARS,Cloak Of Stars,monster,ENCOUNTER.TOADPOLES_WEAK
1779536512,3,CARD.GLOW,Glow,monster,ENCOUNTER.SLUDGE_SPINNER_WEAK
1779536512,7,CARD.RADIATE,Radiate,elite,ENCOUNTER.TERROR_EEL_ELITE
1779536512,9,CARD.BIG_BANG,Big Bang,monster,ENCOUNTER.CORPSE_SLUGS_WEAK
1779536512,11,CARD.BIG_BANG,Big Bang,elite,ENCOUNTER.SKULKING_COLONY_ELITE
1779536512,13,CARD.GAMMA_BLAST,Gamma Blast,monster,ENCOUNTER.HAUNTED_SHIP_NORMAL
1779536512,15,CARD.CRUSH_UNDER,Crush Under,elite,ENCOUNTER.PHANTASMAL_GARDENERS_ELITE
1779536512,17,CARD.THE_SMITH,The Smith,boss,ENCOUNTER.LAGAVULIN_MATRIARCH_BOSS
1779536512,19,CARD.COSMIC_INDIFFERENCE,Cosmic Indifference,monster,ENCOUNTER.THIEVING_HOPPER_WEAK
1779536512,20,CARD.SHINING_STRIKE,Shining Strike,unknown,ENCOUNTER.TUNNELER_WEAK
1779536512,21,CARD.BOMBARDMENT,Bombardment,unknown,EVENT.CRYSTAL_SPHERE
1779536512,22,CARD.GATHER_LIGHT,Gather Light,monster,ENCOUNTER.SPINY_TOAD_NORMAL
1779536512,25,CARD.PALE_BLUE_DOT,Pale Blue Dot,monster,ENCOUNTER.LOUSE_PROGENITOR_NORMAL
1779536512,28,CARD.HIDDEN_CACHE,Hidden Cache,elite,ENCOUNTER.INFESTED_PRISMS_ELITE
1779536512,29,CARD.GLOW,Glow,unknown,ENCOUNTER.BOWLBUGS_NORMAL
1779536512,31,CARD.NEUTRON_AEGIS,Neutron Aegis,unknown,EVENT.THE_FUTURE_OF_POTIONS
1779536512,33,CARD.DYING_STAR,Dying Star,boss,ENCOUNTER.KAISER_CRAB_BOSS
1779536512,35,CARD.REFINE_BLADE,Refine Blade,monster,ENCOUNTER.DEVOTED_SCULPTOR_WEAK
1779536512,38,CARD.GLOW,Glow,monster,ENCOUNTER.SCROLLS_OF_BITING_WEAK
1779536512,39,CARD.PARTICLE_WALL,Particle Wall,unknown,ENCOUNTER.CONSTRUCT_MENAGERIE_NORMAL
1779536512,43,CARD.MAKE_IT_SO,Make It So,elite,ENCOUNTER.KNIGHTS_ELITE
1779536512,45,CARD.GLOW,Glow,elite,ENCOUNTER.MECHA_KNIGHT_ELITE
1779536512,46,CARD.BULWARK,Bulwark,monster,ENCOUNTER.FROG_KNIGHT_NORMAL
1779485510,1,CARD.NULL,Null,ancient,EVENT.NEOW
1779485510,2,CARD.BALL_LIGHTNING,Ball Lightning,monster,ENCOUNTER.CORPSE_SLUGS_WEAK
1779485510,3,CARD.BEAM_CELL,Beam Cell,monster,ENCOUNTER.TOADPOLES_WEAK
1779485510,4,CARD.DOUBLE_ENERGY,Double Energy,monster,ENCOUNTER.SEAPUNK_WEAK
1779485510,5,CARD.ECHO_FORM,Echo Form,monster,ENCOUNTER.SEWER_CLAM_NORMAL
1779485510,6,CARD.CHAOS,Chaos,monster,ENCOUNTER.CORPSE_SLUGS_NORMAL
1779485510,8,CARD.DEFRAGMENT,Defragment,elite,ENCOUNTER.SKULKING_COLONY_ELITE
1779485510,9,CARD.LIGHTNING_ROD,Lightning Rod,monster,ENCOUNTER.HAUNTED_SHIP_NORMAL
1779485510,11,CARD.SHADOW_SHIELD,Shadow Shield,unknown,ENCOUNTER.LIVING_FOG_NORMAL
1779485510,13,CARD.MODDED,Modded,elite,ENCOUNTER.TERROR_EEL_ELITE
1779485510,14,CARD.SYNTHESIS,Synthesis,monster,ENCOUNTER.GREMLIN_MERC_NORMAL
1779289315,2,CARD.CHARGE_BATTERY,Charge Battery,monster,ENCOUNTER.SHRINKER_BEETLE_WEAK
1779289315,3,CARD.SHADOW_SHIELD,Shadow Shield,monster,ENCOUNTER.NIBBITS_WEAK
1779289315,6,CARD.CLAW,Claw,monster,ENCOUNTER.SLIMES_WEAK
1779289315,7,CARD.DARKNESS,Darkness,elite,ENCOUNTER.BYGONE_EFFIGY_ELITE
1779289315,8,CARD.BEAM_CELL,Beam Cell,unknown,ENCOUNTER.NIBBITS_NORMAL
1779289315,11,CARD.WHITE_NOISE,White Noise,monster,ENCOUNTER.MAWLER_NORMAL
1779289315,14,CARD.CHARGE_BATTERY,Charge Battery,monster,ENCOUNTER.SLITHERING_STRANGLER_NORMAL
1779289315,17,CARD.ADAPTIVE_STRIKE,Adaptive Strike,boss,ENCOUNTER.VANTOM_BOSS
1779289315,19,CARD.THUNDER,Thunder,monster,ENCOUNTER.EXOSKELETONS_WEAK
1779289315,20,CARD.BALL_LIGHTNING,Ball Lightning,monster,ENCOUNTER.BOWLBUGS_WEAK
1779289315,28,CARD.MODDED,Modded,monster,ENCOUNTER.EXOSKELETONS_NORMAL
1779289315,30,CARD.BEAM_CELL,Beam Cell,elite,ENCOUNTER.ENTOMANCER_ELITE
1779289315,31,CARD.SWEEPING_BEAM,Sweeping Beam,monster,ENCOUNTER.SPINY_TOAD_NORMAL
1779027840,2,CARD.DRAIN_POWER,Drain Power,monster,ENCOUNTER.CORPSE_SLUGS_WEAK
1779027840,3,CARD.NEGATIVE_PULSE,Negative Pulse,monster,ENCOUNTER.TOADPOLES_WEAK
1779027840,5,CARD.NO_ESCAPE,No Escape,monster,ENCOUNTER.SLUDGE_SPINNER_WEAK
1779027840,6,CARD.GRAVE_WARDEN,Grave Warden,monster,ENCOUNTER.SEWER_CLAM_NORMAL
1779027840,8,CARD.POKE,Poke,monster,ENCOUNTER.SEAPUNK_NORMAL
1779027840,11,CARD.WISP,Wisp,monster,ENCOUNTER.CULTISTS_NORMAL
1779027840,13,CARD.DEMESNE,Demesne,monster,ENCOUNTER.PUNCH_CONSTRUCT_NORMAL
1779027840,14,CARD.COUNTDOWN,Countdown,monster,ENCOUNTER.FOSSIL_STALKER_NORMAL
1779027840,15,CARD.NEGATIVE_PULSE,Negative Pulse,elite,ENCOUNTER.SKULKING_COLONY_ELITE
1779027840,17,CARD.THE_SCYTHE,The Scythe,boss,ENCOUNTER.LAGAVULIN_MATRIARCH_BOSS
1779027840,19,CARD.DELAY,Delay,monster,ENCOUNTER.EXOSKELETONS_WEAK
1779027840,21,CARD.BLIGHT_STRIKE,Blight Strike,monster,ENCOUNTER.BOWLBUGS_WEAK
1779027840,22,CARD.COUNTDOWN,Countdown,monster,ENCOUNTER.CHOMPERS_NORMAL
1779027840,25,CARD.NEGATIVE_PULSE,Negative Pulse,elite,ENCOUNTER.INFESTED_PRISMS_ELITE
1779027840,29,CARD.SCOURGE,Scourge,elite,ENCOUNTER.DECIMILLIPEDE_ELITE
1779027840,30,CARD.SCOURGE,Scourge,monster,ENCOUNTER.SLUMBERING_BEETLE_NORMAL
1779027840,33,CARD.HANG,Hang,boss,ENCOUNTER.THE_INSATIABLE_BOSS
1779027840,40,CARD.NEGATIVE_PULSE,Negative Pulse,elite,ENCOUNTER.MECHA_KNIGHT_ELITE
1779027840,43,CARD.DELAY,Delay,elite,ENCOUNTER.SOUL_NEXUS_ELITE
1779027840,45,CARD.DEFY,Defy,unknown,ENCOUNTER.AXEBOTS_NORMAL
1779027840,46,CARD.WISP,Wisp,monster,ENCOUNTER.FROG_KNIGHT_NORMAL
1778959792,2,CARD.FLATTEN,Flatten,monster,ENCOUNTER.SHRINKER_BEETLE_WEAK
1778959792,5,CARD.DEFY,Defy,monster,ENCOUNTER.SLIMES_WEAK
1778959792,6,CARD.GRAVE_WARDEN,Grave Warden,monster,ENCOUNTER.NIBBITS_WEAK
1778959792,7,CARD.POKE,Poke,monster,ENCOUNTER.RUBY_RAIDERS_NORMAL
1778959792,8,CARD.DRAIN_POWER,Drain Power,unknown,ENCOUNTER.NIBBITS_NORMAL
1778959792,14,CARD.FETCH,Fetch,elite,ENCOUNTER.PHROG_PARASITE_ELITE
1778959792,15,CARD.SIC_EM,Sic Em,unknown,ENCOUNTER.INKLETS_NORMAL
1778959792,17,CARD.MISERY,Misery,boss,ENCOUNTER.THE_KIN_BOSS
1778959792,19,CARD.REAVE,Reave,monster,ENCOUNTER.BOWLBUGS_WEAK
1778959792,20,CARD.NO_ESCAPE,No Escape,monster,ENCOUNTER.EXOSKELETONS_WEAK
1778959792,23,CARD.DEATHBRINGER,Deathbringer,monster,ENCOUNTER.OVICOPTER_NORMAL
1778959792,29,CARD.LETHALITY,Lethality,monster,ENCOUNTER.CHOMPERS_NORMAL
1778959792,33,CARD.CALL_OF_THE_VOID,Call Of The Void,boss,ENCOUNTER.THE_INSATIABLE_BOSS
1778959792,35,CARD.NEGATIVE_PULSE,Negative Pulse,monster,ENCOUNTER.DEVOTED_SCULPTOR_WEAK
1778959792,36,CARD.NEGATIVE_PULSE,Negative Pulse,unknown,ENCOUNTER.SCROLLS_OF_BITING_WEAK
1778959792,39,CARD.FETCH,Fetch,monster,ENCOUNTER.CONSTRUCT_MENAGERIE_NORMAL
1778959792,42,CARD.HIGH_FIVE,High Five,monster,ENCOUNTER.THE_LOST_AND_FORGOTTEN_NORMAL
1778959792,45,CARD.INVOKE,Invoke,monster,ENCOUNTER.SCROLLS_OF_BITING_NORMAL
1778959792,46,CARD.BLIGHT_STRIKE,Blight Strike,monster,ENCOUNTER.OWL_MAGISTRATE_NORMAL
1778882821,2,CARD.DIRGE,Dirge,monster,ENCOUNTER.SLIMES_WEAK
1778882821,3,CARD.FEAR,Fear,monster,ENCOUNTER.NIBBITS_WEAK
1778882821,4,CARD.FLATTEN,Flatten,monster,ENCOUNTER.SHRINKER_BEETLE_WEAK
1778882821,5,CARD.BLIGHT_STRIKE,Blight Strike,monster,ENCOUNTER.NIBBITS_NORMAL
1778882821,6,CARD.REAPER_FORM,Reaper Form,monster,ENCOUNTER.INKLETS_NORMAL
1778882821,8,CARD.SNAP,Snap,elite,ENCOUNTER.BYRDONIS_ELITE
1778882821,11,CARD.NEGATIVE_PULSE,Negative Pulse,monster,ENCOUNTER.FLYCONID_NORMAL
1778882821,13,CARD.DEFY,Defy,monster,ENCOUNTER.VINE_SHAMBLER_NORMAL
1778882821,14,CARD.NEGATIVE_PULSE,Negative Pulse,monster,ENCOUNTER.RUBY_RAIDERS_NORMAL
1778881664,1,CARD.FRIENDSHIP,Friendship,ancient,EVENT.NEOW
1778881664,2,CARD.GRAVE_WARDEN,Grave Warden,monster,ENCOUNTER.FUZZY_WURM_CRAWLER_WEAK
1778881664,4,CARD.REAVE,Reave,monster,ENCOUNTER.SHRINKER_BEETLE_WEAK
1778881664,5,CARD.NEGATIVE_PULSE,Negative Pulse,monster,ENCOUNTER.SLIMES_WEAK
1778881664,6,CARD.DEFILE,Defile,monster,ENCOUNTER.OVERGROWTH_CRAWLERS
1778881664,9,CARD.INVOKE,Invoke,monster,ENCOUNTER.NIBBITS_NORMAL
1778881664,11,CARD.THE_SCYTHE,The Scythe,elite,ENCOUNTER.BYRDONIS_ELITE
1778861615,2,CARD.FRIENDSHIP,Friendship,monster,ENCOUNTER.SLIMES_WEAK
1778861615,4,CARD.FETCH,Fetch,monster,ENCOUNTER.FUZZY_WURM_CRAWLER_WEAK
1778861615,5,CARD.NEGATIVE_PULSE,Negative Pulse,monster,ENCOUNTER.NIBBITS_WEAK
1778861615,6,CARD.DEFY,Defy,monster,ENCOUNTER.INKLETS_NORMAL
1778861615,8,CARD.CAPTURE_SPIRIT,Capture Spirit,monster,ENCOUNTER.NIBBITS_NORMAL
1778861615,9,CARD.GRAVE_WARDEN,Grave Warden,elite,ENCOUNTER.BYRDONIS_ELITE
1778861615,11,CARD.FLATTEN,Flatten,elite,ENCOUNTER.BYGONE_EFFIGY_ELITE
1778861615,13,CARD.DEBILITATE,Debilitate,monster,ENCOUNTER.FOGMOG_NORMAL
1778861615,15,CARD.POKE,Poke,monster,ENCOUNTER.RUBY_RAIDERS_NORMAL
1778861615,17,CARD.SOUL_STORM,Soul Storm,boss,ENCOUNTER.THE_KIN_BOSS
1778861615,19,CARD.REAVE,Reave,monster,ENCOUNTER.BOWLBUGS_WEAK
1778861615,21,CARD.SEVERANCE,Severance,monster,ENCOUNTER.THIEVING_HOPPER_WEAK
1778861615,25,CARD.FLATTEN,Flatten,monster,ENCOUNTER.LOUSE_PROGENITOR_NORMAL
1778861615,27,CARD.SNAP,Snap,elite,ENCOUNTER.DECIMILLIPEDE_ELITE
1778861615,29,CARD.SIC_EM,Sic Em,monster,ENCOUNTER.SLUMBERING_BEETLE_NORMAL
1778861615,30,CARD.FEAR,Fear,unknown,ENCOUNTER.OVICOPTER_NORMAL
1778858329,2,CARD.CRUSH_UNDER,Crush Under,monster,ENCOUNTER.SHRINKER_BEETLE_WEAK
1778858329,3,CARD.GLOW,Glow,monster,ENCOUNTER.NIBBITS_WEAK
1778858329,4,CARD.PHOTON_CUT,Photon Cut,monster,ENCOUNTER.FUZZY_WURM_CRAWLER_WEAK
1778858329,5,CARD.KNOW_THY_PLACE,Know Thy Place,monster,ENCOUNTER.SNAPPING_JAXFRUIT_NORMAL
1778858329,12,CARD.SOLAR_STRIKE,Solar Strike,elite,ENCOUNTER.BYGONE_EFFIGY_ELITE
1778858329,13,CARD.BOMBARDMENT,Bombardment,unknown,EVENT.THE_FUTURE_OF_POTIONS
1778858329,15,CARD.CRESCENT_SPEAR,Crescent Spear,monster,ENCOUNTER.OVERGROWTH_CRAWLERS
1778858329,19,CARD.HIDDEN_CACHE,Hidden Cache,monster,ENCOUNTER.BOWLBUGS_WEAK
1778858329,21,CARD.ALIGNMENT,Alignment,monster,ENCOUNTER.EXOSKELETONS_WEAK
1778858329,22,CARD.COSMIC_INDIFFERENCE,Cosmic Indifference,monster,ENCOUNTER.BOWLBUGS_NORMAL
1778156892,2,CARD.DAGGER_THROW,Dagger Throw,monster,ENCOUNTER.TOADPOLES_WEAK
1778156892,4,CARD.POISONED_STAB,Poisoned Stab,monster,ENCOUNTER.SLUDGE_SPINNER_WEAK
1778156892,5,CARD.PINPOINT,Pinpoint,unknown,ENCOUNTER.SEAPUNK_WEAK
1778156892,6,CARD.AFTERIMAGE,Afterimage,unknown,ENCOUNTER.CORPSE_SLUGS_NORMAL
1778156892,7,CARD.SUCKER_PUNCH,Sucker Punch,elite,ENCOUNTER.PHANTASMAL_GARDENERS_ELITE
1778156892,13,CARD.DASH,Dash,monster,ENCOUNTER.SEWER_CLAM_NORMAL
1778156892,14,CARD.BACKFLIP,Backflip,elite,ENCOUNTER.SKULKING_COLONY_ELITE
1778156892,17,CARD.ADRENALINE,Adrenaline,boss,ENCOUNTER.SOUL_FYSH_BOSS
1778156892,19,CARD.BOUNCING_FLASK,Bouncing Flask,monster,ENCOUNTER.THIEVING_HOPPER_WEAK
1778156892,21,CARD.ADRENALINE,Adrenaline,monster,ENCOUNTER.CHOMPERS_NORMAL
1778156892,24,CARD.AFTERIMAGE,Afterimage,elite,ENCOUNTER.INFESTED_PRISMS_ELITE
1778156892,28,CARD.STRANGLE,Strangle,elite,ENCOUNTER.ENTOMANCER_ELITE
1778156892,30,CARD.SLICE,Slice,monster,ENCOUNTER.SPINY_TOAD_NORMAL
1778103252,2,CARD.HAZE,Haze,monster,ENCOUNTER.NIBBITS_WEAK
1778103252,3,CARD.CLOAK_AND_DAGGER,Cloak And Dagger,monster,ENCOUNTER.FUZZY_WURM_CRAWLER_WEAK
1778103252,5,CARD.ADRENALINE,Adrenaline,monster,ENCOUNTER.SLIMES_WEAK
1778103252,7,CARD.PINPOINT,Pinpoint,monster,ENCOUNTER.NIBBITS_NORMAL
1778103252,11,CARD.SUCKER_PUNCH,Sucker Punch,elite,ENCOUNTER.PHROG_PARASITE_ELITE
1778103252,13,CARD.DEADLY_POISON,Deadly Poison,elite,ENCOUNTER.BYRDONIS_ELITE
1778103252,14,CARD.DASH,Dash,monster,ENCOUNTER.RUBY_RAIDERS_NORMAL
1777933157,2,CARD.BACKFLIP,Backflip,monster,ENCOUNTER.NIBBITS_WEAK
1777933157,4,CARD.DEADLY_POISON,Deadly Poison,unknown,ENCOUNTER.SHRINKER_BEETLE_WEAK
1777933157,5,CARD.DODGE_AND_ROLL,Dodge And Roll,monster,ENCOUNTER.FUZZY_WURM_CRAWLER_WEAK
1777933157,8,CARD.ACROBATICS,Acrobatics,elite,ENCOUNTER.PHROG_PARASITE_ELITE
1777933157,12,CARD.PREPARED,Prepared,monster,ENCOUNTER.VINE_SHAMBLER_NORMAL
1777933157,14,CARD.FLICK_FLACK,Flick Flack,monster,ENCOUNTER.SNAPPING_JAXFRUIT_NORMAL
1777933157,15,CARD.MIRAGE,Mirage,unknown,ENCOUNTER.OVERGROWTH_CRAWLERS
1777912244,2,CARD.HAZE,Haze,monster,ENCOUNTER.SHRINKER_BEETLE_WEAK
1777912244,3,CARD.OUTBREAK,Outbreak,monster,ENCOUNTER.SLIMES_WEAK
1777912244,4,CARD.HAZE,Haze,monster,ENCOUNTER.FUZZY_WURM_CRAWLER_WEAK
1777912244,5,CARD.POISONED_STAB,Poisoned Stab,monster,ENCOUNTER.FOGMOG_NORMAL
1777289417,2,CARD.ACROBATICS,Acrobatics,monster,ENCOUNTER.CORPSE_SLUGS_WEAK
1777289417,3,CARD.BACKFLIP,Backflip,monster,ENCOUNTER.SLUDGE_SPINNER_WEAK
1777289417,4,CARD.BLADE_DANCE,Blade Dance,monster,ENCOUNTER.SEAPUNK_WEAK
1777289417,5,CARD.TACTICIAN,Tactician,monster,ENCOUNTER.SEWER_CLAM_NORMAL
1777289417,6,CARD.TOOLS_OF_THE_TRADE,Tools Of The Trade,monster,ENCOUNTER.HAUNTED_SHIP_NORMAL
1777289417,8,CARD.DAGGER_THROW,Dagger Throw,monster,ENCOUNTER.LIVING_FOG_NORMAL
1777287675,2,CARD.LEADING_STRIKE,Leading Strike,monster,ENCOUNTER.TOADPOLES_WEAK
1777287675,4,CARD.LEADING_STRIKE,Leading Strike,monster,ENCOUNTER.CORPSE_SLUGS_WEAK
1777287675,5,CARD.PREPARED,Prepared,unknown,EVENT.THE_FUTURE_OF_POTIONS
1777287675,6,CARD.UNTOUCHABLE,Untouchable,monster,ENCOUNTER.SEAPUNK_WEAK
1777287675,7,CARD.BLADE_DANCE,Blade Dance,monster,ENCOUNTER.SEWER_CLAM_NORMAL
1777287675,8,CARD.ACROBATICS,Acrobatics,elite,ENCOUNTER.PHANTASMAL_GARDENERS_ELITE
1777287675,13,CARD.BACKFLIP,Backflip,monster,ENCOUNTER.TWO_TAILED_RATS_NORMAL
1777287675,15,CARD.ABRASIVE,Abrasive,elite,ENCOUNTER.SKULKING_COLONY_ELITE
1777211740,2,CARD.BACKFLIP,Backflip,monster,ENCOUNTER.SEAPUNK_WEAK
1777211740,3,CARD.FLICK_FLACK,Flick Flack,unknown,ENCOUNTER.SLUDGE_SPINNER_WEAK
1777211740,4,CARD.BLADE_DANCE,Blade Dance,monster,ENCOUNTER.TOADPOLES_WEAK
1777211740,7,CARD.ACCURACY,Accuracy,elite,ENCOUNTER.TERROR_EEL_ELITE
1777210949,2,CARD.PREPARED,Prepared,monster,ENCOUNTER.FUZZY_WURM_CRAWLER_WEAK
1777210949,3,CARD.KNIFE_TRAP,Knife Trap,monster,ENCOUNTER.SLIMES_WEAK
1777210949,4,CARD.DEFLECT,Deflect,monster,ENCOUNTER.NIBBITS_WEAK
1777210949,7,CARD.CORROSIVE_WAVE,Corrosive Wave,elite,ENCOUNTER.BYRDONIS_ELITE
1777166549,2,CARD.BLUR,Blur,monster,ENCOUNTER.SEAPUNK_WEAK
1777166549,4,CARD.KNIFE_TRAP,Knife Trap,monster,ENCOUNTER.TOADPOLES_WEAK
1777166549,6,CARD.DAGGER_THROW,Dagger Throw,monster,ENCOUNTER.SLUDGE_SPINNER_WEAK
1777166549,7,CARD.UP_MY_SLEEVE,Up My Sleeve,monster,ENCOUNTER.CORPSE_SLUGS_NORMAL
1777166549,9,CARD.SKEWER,Skewer,elite,ENCOUNTER.PHANTASMAL_GARDENERS_ELITE
1777152249,1,CARD.PREPARED,Prepared,ancient,EVENT.NEOW
1777152249,2,CARD.RICOCHET,Ricochet,monster,ENCOUNTER.SHRINKER_BEETLE_WEAK
1777152249,3,CARD.DAGGER_THROW,Dagger Throw,monster,ENCOUNTER.FUZZY_WURM_CRAWLER_WEAK
1777152249,4,CARD.UNTOUCHABLE,Untouchable,monster,ENCOUNTER.NIBBITS_WEAK
1777152249,6,CARD.SHADOW_STEP,Shadow Step,monster,ENCOUNTER.CUBEX_CONSTRUCT_NORMAL
1777152249,8,CARD.MEMENTO_MORI,Memento Mori,elite,ENCOUNTER.PHROG_PARASITE_ELITE
1777152249,12,CARD.THE_HUNT,The Hunt,elite,ENCOUNTER.BYGONE_EFFIGY_ELITE
1777152249,14,CARD.UNTOUCHABLE,Untouchable,monster,ENCOUNTER.FOGMOG_NORMAL
1777152249,17,CARD.TOOLS_OF_THE_TRADE,Tools Of The Trade,boss,ENCOUNTER.THE_KIN_BOSS
1777152249,19,CARD.PREPARED,Prepared,monster,ENCOUNTER.EXOSKELETONS_WEAK
1777152249,20,CARD.RICOCHET,Ricochet,monster,ENCOUNTER.BOWLBUGS_WEAK
1777152249,22,CARD.ESCAPE_PLAN,Escape Plan,monster,ENCOUNTER.OVICOPTER_NORMAL
1777152249,25,CARD.EXPOSE,Expose,elite,ENCOUNTER.INFESTED_PRISMS_ELITE
1777152249,30,CARD.SKEWER,Skewer,monster,ENCOUNTER.CHOMPERS_NORMAL
1777152249,35,CARD.BACKFLIP,Backflip,monster,ENCOUNTER.SCROLLS_OF_BITING_WEAK
1777152249,36,CARD.DAGGER_THROW,Dagger Throw,monster,ENCOUNTER.DEVOTED_SCULPTOR_WEAK
1777152249,37,CARD.BACKSTAB,Backstab,unknown,ENCOUNTER.FABRICATOR_NORMAL
1777152249,38,CARD.UNTOUCHABLE,Untouchable,monster,ENCOUNTER.SLIMED_BERSERKER_NORMAL
1777152249,42,CARD.DEFLECT,Deflect,monster,ENCOUNTER.SCROLLS_OF_BITING_NORMAL
1777144157,2,CARD.DEADLY_POISON,Deadly Poison,monster,ENCOUNTER.FUZZY_WURM_CRAWLER_WEAK
1777144157,3,CARD.BACKFLIP,Backflip,monster,ENCOUNTER.SLIMES_WEAK
1777144157,7,CARD.POISONED_STAB,Poisoned Stab,monster,ENCOUNTER.FLYCONID_NORMAL
1777144157,8,CARD.DEADLY_POISON,Deadly Poison,unknown,ENCOUNTER.NIBBITS_NORMAL
1776985643,1,CARD.INFINITE_BLADES,Infinite Blades,ancient,EVENT.NEOW
1776985643,2,CARD.BACKFLIP,Backflip,monster,ENCOUNTER.SLIMES_WEAK
1776985643,3,CARD.LEADING_STRIKE,Leading Strike,monster,ENCOUNTER.FUZZY_WURM_CRAWLER_WEAK
1776985643,4,CARD.DEFLECT,Deflect,monster,ENCOUNTER.SHRINKER_BEETLE_WEAK
1776985643,7,CARD.POUNCE,Pounce,elite,ENCOUNTER.PHROG_PARASITE_ELITE
1776985643,13,CARD.BLADE_DANCE,Blade Dance,elite,ENCOUNTER.BYRDONIS_ELITE
1776985643,16,CARD.AFTERIMAGE,Afterimage,boss,ENCOUNTER.CEREMONIAL_BEAST_BOSS
1776985643,18,CARD.FLICK_FLACK,Flick Flack,monster,ENCOUNTER.TUNNELER_WEAK
1776985643,19,CARD.INFINITE_BLADES,Infinite Blades,monster,ENCOUNTER.EXOSKELETONS_WEAK
1776985643,20,CARD.EXPOSE,Expose,monster,ENCOUNTER.THE_OBSCURA_NORMAL
1776985643,21,CARD.DASH,Dash,monster,ENCOUNTER.HUNTER_KILLER_NORMAL
1776985643,25,CARD.PREPARED,Prepared,elite,ENCOUNTER.ENTOMANCER_ELITE
1776985643,27,CARD.BACKFLIP,Backflip,monster,ENCOUNTER.SPINY_TOAD_NORMAL
1776985643,29,CARD.TACTICIAN,Tactician,elite,ENCOUNTER.INFESTED_PRISMS_ELITE
1776985643,31,CARD.SNEAKY,Sneaky,boss,ENCOUNTER.KNOWLEDGE_DEMON_BOSS
1776985643,33,CARD.BLADE_DANCE,Blade Dance,monster,ENCOUNTER.TURRET_OPERATOR_WEAK
1776985643,34,CARD.ANTICIPATE,Anticipate,monster,ENCOUNTER.SCROLLS_OF_BITING_WEAK
1776985643,35,CARD.SLICE,Slice,monster,ENCOUNTER.CONSTRUCT_MENAGERIE_NORMAL
1776985643,37,CARD.SLICE,Slice,monster,ENCOUNTER.SCROLLS_OF_BITING_NORMAL
1776985643,42,CARD.FINISHER,Finisher,elite,ENCOUNTER.KNIGHTS_ELITE
1776981016,1,CARD.SETUP_STRIKE,Setup Strike,monster,ENCOUNTER.NIBBITS_WEAK
1776981016,2,CARD.ANGER,Anger,monster,ENCOUNTER.SLIMES_WEAK
1776981016,4,CARD.DISMANTLE,Dismantle,monster,ENCOUNTER.SHRINKER_BEETLE_WEAK
1776981016,7,CARD.STOMP,Stomp,monster,ENCOUNTER.INKLETS_NORMAL
1776981016,8,CARD.RAGE,Rage,monster,ENCOUNTER.MAWLER_NORMAL
1776981016,10,CARD.BATTLE_TRANCE,Battle Trance,monster,ENCOUNTER.RUBY_RAIDERS_NORMAL
1776981016,12,CARD.IRON_WAVE,Iron Wave,monster,ENCOUNTER.CUBEX_CONSTRUCT_NORMAL
1776981016,16,CARD.DEMON_FORM,Demon Form,boss,ENCOUNTER.VANTOM_BOSS
1776981016,18,CARD.ASHEN_STRIKE,Ashen Strike,monster,ENCOUNTER.EXOSKELETONS_WEAK
1776981016,20,CARD.ASHEN_STRIKE,Ashen Strike,monster,ENCOUNTER.THIEVING_HOPPER_WEAK
1776981016,22,CARD.HEADBUTT,Headbutt,monster,ENCOUNTER.OVICOPTER_NORMAL
1776981016,26,CARD.VICIOUS,Vicious,unknown,ENCOUNTER.LOUSE_PROGENITOR_NORMAL
1776981016,29,CARD.THUNDERCLAP,Thunderclap,monster,ENCOUNTER.SPINY_TOAD_NORMAL
