run_id,card_position,card_id,card_name
1781853392,1,CARD.STRIKE_REGENT,Strike Regent
1781853392,2,CARD.STRIKE_REGENT,Strike Regent
1781853392,3,CARD.STRIKE_REGENT,Strike Regent
1781853392,4,CARD.DEFEND_REGENT,Defend Regent
1781853392,5,CARD.DEFEND_REGENT,Defend Regent
1781853392,6,CARD.DEFEND_REGENT,Defend Regent
1781853392,7,CARD.DEFEND_REGENT,Defend Regent
1781853392,8,CARD.FALLING_STAR,Falling Star
1781853392,9,CARD.VENERATE,Venerate
1781853392,10,CARD.ASCENDERS_BANE,Ascenders Bane
1781853392,11,CARD.ASTRAL_PULSE,Astral Pulse
1781853392,12,CARD.GUIDING_STAR,Guiding Star
1781853392,13,CARD.GATHER_LIGHT,Gather Light
1781853392,14,CARD.KNOW_THY_PLACE,Know Thy Place
1781853392,15,CARD.DYING_STAR,Dying Star
1781853392,16,CARD.PHOTON_CUT,Photon Cut
1781853392,17,CARD.SPOILS_OF_BATTLE,Spoils Of Battle
1781853392,18,CARD.CONQUEROR,Conqueror
1781853392,19,CARD.SWORD_SAGE,Sword Sage
1781853392,20,CARD.PARRY,Parry
1781853392,21,CARD.BEGONE,Begone
1781853392,22,CARD.KNOW_THY_PLACE,Know Thy Place
1781853392,23,CARD.SPOILS_OF_BATTLE,Spoils Of Battle
1781853392,24,CARD.CLOAK_OF_STARS,Cloak Of Stars
1781853392,25,CARD.COMET,Comet
1781853392,26,CARD.GATHER_LIGHT,Gather Light
1781853392,27,CARD.ORBIT,Orbit
1781853392,28,CARD.GLITTERSTREAM,Glitterstream
1781853392,29,CARD.CLOAK_OF_STARS,Cloak Of Stars
1781853392,30,CARD.DECISIONS_DECISIONS,Decisions Decisions
1781853392,31,CARD.BULWARK,Bulwark
1781853392,32,CARD.MANIFEST_AUTHORITY,Manifest Authority
1781853392,33,CARD.SOLAR_STRIKE,Solar Strike
1781853392,34,CARD.SHINING_STRIKE,Shining Strike
1781853392,35,CARD.SPOILS_OF_BATTLE,Spoils Of Battle
1781853392,36,CARD.HIDDEN_CACHE,Hidden Cache
1781829488,1,CARD.STRIKE_REGENT,Strike Regent
1781829488,2,CARD.STRIKE_REGENT,Strike Regent
1781829488,3,CARD.STRIKE_REGENT,Strike Regent
1781829488,4,CARD.DEFEND_REGENT,Defend Regent
1781829488,5,CARD.DEFEND_REGENT,Defend Regent
1781829488,6,CARD.DEFEND_REGENT,Defend Regent
1781829488,7,CARD.DEFEND_REGENT,Defend Regent
1781829488,8,CARD.FALLING_STAR,Falling Star
1781829488,9,CARD.VENERATE,Venerate
1781829488,10,CARD.ASCENDERS_BANE,Ascenders Bane
1781829488,11,CARD.FLASH_OF_STEEL,Flash Of Steel
1781829488,12,CARD.BULWARK,Bulwark
1781829488,13,CARD.WROUGHT_IN_WAR,Wrought In War
1781829488,14,CARD.FURNACE,Furnace
1781829488,15,CARD.FURNACE,Furnace
1781829488,16,CARD.WROUGHT_IN_WAR,Wrought In War
1781829488,17,CARD.FOREGONE_CONCLUSION,Foregone Conclusion
1781829488,18,CARD.SEEKING_EDGE,Seeking Edge
1781829488,19,CARD.ROYALTIES,Royalties
1781829488,20,CARD.CLOAK_OF_STARS,Cloak Of Stars
1781829488,21,CARD.ALIGNMENT,Alignment
1781829488,22,CARD.GLITTERSTREAM,Glitterstream
1781829488,23,CARD.SOLAR_STRIKE,Solar Strike
1781829488,24,CARD.REFINE_BLADE,Refine Blade
1781789392,1,CARD.FALLING_STAR,Falling Star
1781789392,2,CARD.VENERATE,Venerate
1781789392,3,CARD.GENESIS,Genesis
1781789392,4,CARD.MONOLOGUE,Monologue
1781789392,5,CARD.STARDUST,Stardust
1781789392,6,CARD.MONARCHS_GAZE,Monarchs Gaze
1781789392,7,CARD.GLOW,Glow
1781789392,8,CARD.COSMIC_INDIFFERENCE,Cosmic Indifference
1781789392,9,CARD.CLOAK_OF_STARS,Cloak Of Stars
1781789392,10,CARD.TERRAFORMING,Terraforming
1781789392,11,CARD.BUNDLE_OF_JOY,Bundle Of Joy
1781789392,12,CARD.CRESCENT_SPEAR,Crescent Spear
1781789392,13,CARD.MAKE_IT_SO,Make It So
1781789392,14,CARD.SWORD_SAGE,Sword Sage
1781789392,15,CARD.SHINING_STRIKE,Shining Strike
1781789392,16,CARD.RESONANCE,Resonance
1781789392,17,CARD.KNOW_THY_PLACE,Know Thy Place
1781789392,18,CARD.THE_SMITH,The Smith
1781789392,19,CARD.SPECTRUM_SHIFT,Spectrum Shift
1781789392,20,CARD.DYING_STAR,Dying Star
1781789392,21,CARD.GATHER_LIGHT,Gather Light
1781789392,22,CARD.PILLAR_OF_CREATION,Pillar Of Creation
1781789392,23,CARD.REFLECT,Reflect
1781789392,24,CARD.SOLAR_STRIKE,Solar Strike
1781789392,25,CARD.CLUMSY,Clumsy
1781789392,26,CARD.ORBIT,Orbit
1781789392,27,CARD.BLACK_HOLE,Black Hole
1781789392,28,CARD.COLLISION_COURSE,Collision Course
1781788845,1,CARD.STRIKE_REGENT,Strike Regent
1781788845,2,CARD.STRIKE_REGENT,Strike Regent
1781788845,3,CARD.DEFEND_REGENT,Defend Regent
1781788845,4,CARD.DEFEND_REGENT,Defend Regent
1781788845,5,CARD.DEFEND_REGENT,Defend Regent
1781788845,6,CARD.DEFEND_REGENT,Defend Regent
1781788845,7,CARD.FALLING_STAR,Falling Star
1781788845,8,CARD.VENERATE,Venerate
1781788845,9,CARD.BUNDLE_OF_JOY,Bundle Of Joy
1781788845,10,CARD.KINGLY_PUNCH,Kingly Punch
1781788845,11,CARD.QUASAR,Quasar
1781788845,12,CARD.GLOW,Glow
1781788845,13,CARD.PILLAR_OF_CREATION,Pillar Of Creation
1781788845,14,CARD.SOLAR_STRIKE,Solar Strike
1781788845,15,CARD.HIDDEN_CACHE,Hidden Cache
1781788845,16,CARD.ASTRAL_PULSE,Astral Pulse
1781788845,17,CARD.CRASH_LANDING,Crash Landing
1781788845,18,CARD.SPECTRUM_SHIFT,Spectrum Shift
1781788845,19,CARD.CLOAK_OF_STARS,Cloak Of Stars
1781788845,20,CARD.I_AM_INVINCIBLE,I Am Invincible
1781788845,21,CARD.TYRANNY,Tyranny
1781788845,22,CARD.SUPERMASSIVE,Supermassive
1781788845,23,CARD.SUPERMASSIVE,Supermassive
1781788845,24,CARD.GLITTERSTREAM,Glitterstream
1781788845,25,CARD.BURST,Burst
1781788845,26,CARD.ULTIMATE_STRIKE,Ultimate Strike
1781788845,27,CARD.QUASAR,Quasar
1781788845,28,CARD.COSMIC_INDIFFERENCE,Cosmic Indifference
1781788845,29,CARD.I_AM_INVINCIBLE,I Am Invincible
1781788845,30,CARD.PATTER,Patter
1781788845,31,CARD.PILLAR_OF_CREATION,Pillar Of Creation
1781788845,32,CARD.REFLECT,Reflect
1781788845,33,CARD.ARSENAL,Arsenal
1781788845,34,CARD.MANIFEST_AUTHORITY,Manifest Authority
1781788845,35,CARD.ORBIT,Orbit
1781782862,1,CARD.STRIKE_REGENT,Strike Regent
1781782862,2,CARD.STRIKE_REGENT,Strike Regent
1781782862,3,CARD.DEFEND_REGENT,Defend Regent
1781782862,4,CARD.DEFEND_REGENT,Defend Regent
1781782862,5,CARD.DEFEND_REGENT,Defend Regent
1781782862,6,CARD.FALLING_STAR,Falling Star
1781782862,7,CARD.VENERATE,Venerate
1781782862,8,CARD.GLOW,Glow
1781782862,9,CARD.REFLECT,Reflect
1781782862,10,CARD.BLACK_HOLE,Black Hole
1781782862,11,CARD.STARDUST,Stardust
1781782862,12,CARD.HIDDEN_CACHE,Hidden Cache
1781782862,13,CARD.CRASH_LANDING,Crash Landing
1781782862,14,CARD.KNOW_THY_PLACE,Know Thy Place
1781782862,15,CARD.COSMIC_INDIFFERENCE,Cosmic Indifference
1781782862,16,CARD.GLOW,Glow
1781782862,17,CARD.BOMBARDMENT,Bombardment
1781782862,18,CARD.BEGONE,Begone
1781782862,19,CARD.ALIGNMENT,Alignment
1781782862,20,CARD.BEGONE,Begone
1781782862,21,CARD.SUPERMASSIVE,Supermassive
1781782862,22,CARD.QUASAR,Quasar
1781782862,23,CARD.HIDDEN_CACHE,Hidden Cache
1781782862,24,CARD.HEAVENLY_DRILL,Heavenly Drill
1781782862,25,CARD.MONARCHS_GAZE,Monarchs Gaze
1781782862,26,CARD.SHINING_STRIKE,Shining Strike
1781782862,27,CARD.MONARCHS_GAZE,Monarchs Gaze
1781782862,28,CARD.MAKE_IT_SO,Make It So
1781782862,29,CARD.APPARITION,Apparition
1781782862,30,CARD.APPARITION,Apparition
1781782862,31,CARD.APPARITION,Apparition
1781782862,32,CARD.COLLISION_COURSE,Collision Course
1781782862,33,CARD.ASTRAL_PULSE,Astral Pulse
1781782862,34,CARD.COSMIC_INDIFFERENCE,Cosmic Indifference
1781782862,35,CARD.BIG_BANG,Big Bang
1781782862,36,CARD.I_AM_INVINCIBLE,I Am Invincible
1781782862,37,CARD.MAKE_IT_SO,Make It So
1781782862,38,CARD.CHILD_OF_THE_STARS,Child Of The Stars
1781782862,39,CARD.GUIDING_STAR,Guiding Star
1781782862,40,CARD.CLOAK_OF_STARS,Cloak Of Stars
1781734701,1,CARD.DEFEND_REGENT,Defend Regent
1781734701,2,CARD.DEFEND_REGENT,Defend Regent
1781734701,3,CARD.FALLING_STAR,Falling Star
1781734701,4,CARD.VENERATE,Venerate
1781734701,5,CARD.SPOILS_OF_BATTLE,Spoils Of Battle
1781734701,6,CARD.SEEKING_EDGE,Seeking Edge
1781734701,7,CARD.BOMBARDMENT,Bombardment
1781734701,8,CARD.WROUGHT_IN_WAR,Wrought In War
1781734701,9,CARD.PARRY,Parry
1781734701,10,CARD.SUMMON_FORTH,Summon Forth
1781734701,11,CARD.COSMIC_INDIFFERENCE,Cosmic Indifference
1781734701,12,CARD.BIG_BANG,Big Bang
1781734701,13,CARD.PARRY,Parry
1781734701,14,CARD.GLITTERSTREAM,Glitterstream
1781734701,15,CARD.BEAT_INTO_SHAPE,Beat Into Shape
1781734701,16,CARD.SPOILS_OF_BATTLE,Spoils Of Battle
1781734701,17,CARD.SECRET_WEAPON,Secret Weapon
1781734701,18,CARD.ALIGNMENT,Alignment
1781734701,19,CARD.REFINE_BLADE,Refine Blade
1781734701,20,CARD.ORBIT,Orbit
1781734701,21,CARD.FOREGONE_CONCLUSION,Foregone Conclusion
1781734701,22,CARD.SOLAR_STRIKE,Solar Strike
1781734701,23,CARD.ALIGNMENT,Alignment
1781734701,24,CARD.COSMIC_INDIFFERENCE,Cosmic Indifference
1781734701,25,CARD.PARTICLE_WALL,Particle Wall
1781734701,26,CARD.CONQUEROR,Conqueror
1781734701,27,CARD.PATTER,Patter
1781655681,1,CARD.STRIKE_REGENT,Strike Regent
1781655681,2,CARD.DEFEND_REGENT,Defend Regent
1781655681,3,CARD.DEFEND_REGENT,Defend Regent
1781655681,4,CARD.DEFEND_REGENT,Defend Regent
1781655681,5,CARD.VENERATE,Venerate
1781655681,6,CARD.VOID_FORM,Void Form
1781655681,7,CARD.GLOW,Glow
1781655681,8,CARD.SPECTRUM_SHIFT,Spectrum Shift
1781655681,9,CARD.CRUSH_UNDER,Crush Under
1781655681,10,CARD.HIDDEN_CACHE,Hidden Cache
1781655681,11,CARD.ASTRAL_PULSE,Astral Pulse
1781655681,12,CARD.GLITTERSTREAM,Glitterstream
1781655681,13,CARD.CHILD_OF_THE_STARS,Child Of The Stars
1781655681,14,CARD.ARSENAL,Arsenal
1781655681,15,CARD.FALLING_STAR,Falling Star
1781655681,16,CARD.DEVASTATE,Devastate
1781655681,17,CARD.NEUTRON_AEGIS,Neutron Aegis
1781655681,18,CARD.GLITTERSTREAM,Glitterstream
1781655681,19,CARD.COSMIC_INDIFFERENCE,Cosmic Indifference
1781655681,20,CARD.PATTER,Patter
1781655681,21,CARD.BEGONE,Begone
1781655681,22,CARD.DEVASTATE,Devastate
1781655681,23,CARD.ULTIMATE_STRIKE,Ultimate Strike
1781655681,24,CARD.SUPERMASSIVE,Supermassive
1781655473,1,CARD.STRIKE_REGENT,Strike Regent
1781655473,2,CARD.STRIKE_REGENT,Strike Regent
1781655473,3,CARD.STRIKE_REGENT,Strike Regent
1781655473,4,CARD.STRIKE_REGENT,Strike Regent
1781655473,5,CARD.DEFEND_REGENT,Defend Regent
1781655473,6,CARD.DEFEND_REGENT,Defend Regent
1781655473,7,CARD.DEFEND_REGENT,Defend Regent
1781655473,8,CARD.DEFEND_REGENT,Defend Regent
1781655473,9,CARD.FALLING_STAR,Falling Star
1781655473,10,CARD.VENERATE,Venerate
1781655220,1,CARD.STRIKE_REGENT,Strike Regent
1781655220,2,CARD.STRIKE_REGENT,Strike Regent
1781655220,3,CARD.STRIKE_REGENT,Strike Regent
1781655220,4,CARD.STRIKE_REGENT,Strike Regent
1781655220,5,CARD.DEFEND_REGENT,Defend Regent
1781655220,6,CARD.DEFEND_REGENT,Defend Regent
1781655220,7,CARD.DEFEND_REGENT,Defend Regent
1781655220,8,CARD.DEFEND_REGENT,Defend Regent
1781655220,9,CARD.FALLING_STAR,Falling Star
1781655220,10,CARD.VENERATE,Venerate
1781655112,1,CARD.STRIKE_REGENT,Strike Regent
1781655112,2,CARD.STRIKE_REGENT,Strike Regent
1781655112,3,CARD.STRIKE_REGENT,Strike Regent
1781655112,4,CARD.DEFEND_REGENT,Defend Regent
1781655112,5,CARD.DEFEND_REGENT,Defend Regent
1781655112,6,CARD.DEFEND_REGENT,Defend Regent
1781655112,7,CARD.DEFEND_REGENT,Defend Regent
1781655112,8,CARD.FALLING_STAR,Falling Star
1781655112,9,CARD.VENERATE,Venerate
1781655112,10,CARD.GLITTERSTREAM,Glitterstream
1781655040,1,CARD.STRIKE_REGENT,Strike Regent
1781655040,2,CARD.STRIKE_REGENT,Strike Regent
1781655040,3,CARD.STRIKE_REGENT,Strike Regent
1781655040,4,CARD.STRIKE_REGENT,Strike Regent
1781655040,5,CARD.DEFEND_REGENT,Defend Regent
1781655040,6,CARD.DEFEND_REGENT,Defend Regent
1781655040,7,CARD.DEFEND_REGENT,Defend Regent
1781655040,8,CARD.DEFEND_REGENT,Defend Regent
1781655040,9,CARD.FALLING_STAR,Falling Star
1781655040,10,CARD.VENERATE,Venerate
1781649462,1,CARD.DEFEND_NECROBINDER,Defend Necrobinder
1781649462,2,CARD.DEFEND_NECROBINDER,Defend Necrobinder
1781649462,3,CARD.DEFEND_NECROBINDER,Defend Necrobinder
1781649462,4,CARD.BODYGUARD,Bodyguard
1781649462,5,CARD.UNLEASH,Unleash
1781649462,6,CARD.DRAIN_POWER,Drain Power
1781649462,7,CARD.DRAIN_POWER,Drain Power
1781649462,8,CARD.LEGION_OF_BONE,Legion Of Bone
1781649462,9,CARD.NO_ESCAPE,No Escape
1781649462,10,CARD.DEFY,Defy
1781649462,11,CARD.SCOURGE,Scourge
1781649462,12,CARD.GRAVEBLAST,Graveblast
1781649462,13,CARD.HANG,Hang
1781649462,14,CARD.INVOKE,Invoke
1781649462,15,CARD.DEMESNE,Demesne
1781649462,16,CARD.GRAVE_WARDEN,Grave Warden
1781649462,17,CARD.GRAVE_WARDEN,Grave Warden
1781649462,18,CARD.INVOKE,Invoke
1781649462,19,CARD.WISP,Wisp
1781649462,20,CARD.NO_ESCAPE,No Escape
1781649462,21,CARD.DIRGE,Dirge
1781649462,22,CARD.SOUL_STORM,Soul Storm
1781649462,23,CARD.FEAR,Fear
1781649462,24,CARD.UNDEATH,Undeath
1781649462,25,CARD.NO_ESCAPE,No Escape
1781649462,26,CARD.NO_ESCAPE,No Escape
1781649462,27,CARD.DEVOUR_LIFE,Devour Life
1781649462,28,CARD.FETCH,Fetch
1781649462,29,CARD.AFTERLIFE,Afterlife
1781649462,30,CARD.DEMESNE,Demesne
1781649462,31,CARD.CLUMSY,Clumsy
1781649462,32,CARD.WISP,Wisp
1781649462,33,CARD.NO_ESCAPE,No Escape
1781649462,34,CARD.NO_ESCAPE,No Escape
1781649462,35,CARD.NO_ESCAPE,No Escape
1781649462,36,CARD.NO_ESCAPE,No Escape
1781649462,37,CARD.SCOURGE,Scourge
1781649400,1,CARD.STRIKE_NECROBINDER,Strike Necrobinder
1781649400,2,CARD.STRIKE_NECROBINDER,Strike Necrobinder
1781649400,3,CARD.STRIKE_NECROBINDER,Strike Necrobinder
1781649400,4,CARD.STRIKE_NECROBINDER,Strike Necrobinder
1781649400,5,CARD.DEFEND_NECROBINDER,Defend Necrobinder
1781649400,6,CARD.DEFEND_NECROBINDER,Defend Necrobinder
1781649400,7,CARD.DEFEND_NECROBINDER,Defend Necrobinder
1781649400,8,CARD.DEFEND_NECROBINDER,Defend Necrobinder
1781649400,9,CARD.BODYGUARD,Bodyguard
1781649400,10,CARD.UNLEASH,Unleash
1781639902,1,CARD.STRIKE_SILENT,Strike Silent
1781639902,2,CARD.STRIKE_SILENT,Strike Silent
1781639902,3,CARD.STRIKE_SILENT,Strike Silent
1781639902,4,CARD.STRIKE_SILENT,Strike Silent
1781639902,5,CARD.DEFEND_SILENT,Defend Silent
1781639902,6,CARD.DEFEND_SILENT,Defend Silent
1781639902,7,CARD.DEFEND_SILENT,Defend Silent
1781639902,8,CARD.DEFEND_SILENT,Defend Silent
1781639902,9,CARD.DEFEND_SILENT,Defend Silent
1781639902,10,CARD.NEUTRALIZE,Neutralize
1781639902,11,CARD.SURVIVOR,Survivor
1781639902,12,CARD.BURST,Burst
1781639902,13,CARD.ACROBATICS,Acrobatics
1781639902,14,CARD.DAGGER_THROW,Dagger Throw
1781639902,15,CARD.BACKSTAB,Backstab
1781639902,16,CARD.DEADLY_POISON,Deadly Poison
1781639902,17,CARD.OUTBREAK,Outbreak
1781639902,18,CARD.DODGE_AND_ROLL,Dodge And Roll
1781639902,19,CARD.HAND_TRICK,Hand Trick
1781639902,20,CARD.MURDER,Murder
1781639902,21,CARD.DEADLY_POISON,Deadly Poison
1781639902,22,CARD.BOUNCING_FLASK,Bouncing Flask
1781639902,23,CARD.DODGE_AND_ROLL,Dodge And Roll
1781639902,24,CARD.SQUASH,Squash
1781639902,25,CARD.BLADE_OF_INK,Blade Of Ink
1781639902,26,CARD.METAMORPHOSIS,Metamorphosis
1781639902,27,CARD.DEFLECT,Deflect
1781639902,28,CARD.ENVENOM,Envenom
1781639902,29,CARD.APPARITION,Apparition
1781639902,30,CARD.APPARITION,Apparition
1781639902,31,CARD.APPARITION,Apparition
1781639902,32,CARD.CALCULATED_GAMBLE,Calculated Gamble
1781639902,33,CARD.CLOAK_AND_DAGGER,Cloak And Dagger
1781639902,34,CARD.ADRENALINE,Adrenaline
1781639902,35,CARD.BACKFLIP,Backflip
1781639902,36,CARD.BOUNCING_FLASK,Bouncing Flask
1781639902,37,CARD.BULLET_TIME,Bullet Time
1781639066,1,CARD.STRIKE_SILENT,Strike Silent
1781639066,2,CARD.STRIKE_SILENT,Strike Silent
1781639066,3,CARD.STRIKE_SILENT,Strike Silent
1781639066,4,CARD.STRIKE_SILENT,Strike Silent
1781639066,5,CARD.STRIKE_SILENT,Strike Silent
1781639066,6,CARD.DEFEND_SILENT,Defend Silent
1781639066,7,CARD.DEFEND_SILENT,Defend Silent
1781639066,8,CARD.DEFEND_SILENT,Defend Silent
1781639066,9,CARD.DEFEND_SILENT,Defend Silent
1781639066,10,CARD.DEFEND_SILENT,Defend Silent
1781639066,11,CARD.NEUTRALIZE,Neutralize
1781639066,12,CARD.SURVIVOR,Survivor
1781639066,13,CARD.PREPARED,Prepared
1781639066,14,CARD.BOUNCING_FLASK,Bouncing Flask
1781639066,15,CARD.SUCKER_PUNCH,Sucker Punch
1781639066,16,CARD.UNTOUCHABLE,Untouchable
1781639066,17,CARD.LEG_SWEEP,Leg Sweep
1781639066,18,CARD.BACKFLIP,Backflip
1781569168,1,CARD.STRIKE_REGENT,Strike Regent
1781569168,2,CARD.STRIKE_REGENT,Strike Regent
1781569168,3,CARD.STRIKE_REGENT,Strike Regent
1781569168,4,CARD.STRIKE_REGENT,Strike Regent
1781569168,5,CARD.DEFEND_REGENT,Defend Regent
1781569168,6,CARD.DEFEND_REGENT,Defend Regent
1781569168,7,CARD.DEFEND_REGENT,Defend Regent
1781569168,8,CARD.DEFEND_REGENT,Defend Regent
1781569168,9,CARD.FALLING_STAR,Falling Star
1781569168,10,CARD.VENERATE,Venerate
1781556560,1,CARD.STRIKE_SILENT,Strike Silent
1781556560,2,CARD.STRIKE_SILENT,Strike Silent
1781556560,3,CARD.STRIKE_SILENT,Strike Silent
1781556560,4,CARD.STRIKE_SILENT,Strike Silent
1781556560,5,CARD.STRIKE_SILENT,Strike Silent
1781556560,6,CARD.DEFEND_SILENT,Defend Silent
1781556560,7,CARD.DEFEND_SILENT,Defend Silent
1781556560,8,CARD.DEFEND_SILENT,Defend Silent
1781556560,9,CARD.DEFEND_SILENT,Defend Silent
1781556560,10,CARD.NEUTRALIZE,Neutralize
1781556560,11,CARD.SURVIVOR,Survivor
1781556560,12,CARD.DEADLY_POISON,Deadly Poison
1781556560,13,CARD.BLADE_DANCE,Blade Dance
1781556560,14,CARD.PHANTOM_BLADES,Phantom Blades
1781556560,15,CARD.LEADING_STRIKE,Leading Strike
1781556560,16,CARD.BACKFLIP,Backflip
1781556560,17,CARD.ACCURACY,Accuracy
1781556560,18,CARD.POUNCE,Pounce
1781556560,19,CARD.GREED,Greed
1781556560,20,CARD.KNIFE_TRAP,Knife Trap
1781556560,21,CARD.BURST,Burst
1781556560,22,CARD.PREPARED,Prepared
1781556560,23,CARD.DASH,Dash
1781556560,24,CARD.SERPENT_FORM,Serpent Form
1781556560,25,CARD.SERPENT_FORM,Serpent Form
1781556560,26,CARD.UP_MY_SLEEVE,Up My Sleeve
1781556560,27,CARD.CLOAK_AND_DAGGER,Cloak And Dagger
1781556560,28,CARD.LANTERN_KEY,Lantern Key
1781556560,29,CARD.UP_MY_SLEEVE,Up My Sleeve
1781556560,30,CARD.UNTOUCHABLE,Untouchable
1781556560,31,CARD.FINISHER,Finisher
1781556560,32,CARD.BACKSTAB,Backstab
1781556560,33,CARD.ESCAPE_PLAN,Escape Plan
1781556560,34,CARD.PREPARED,Prepared
1781556560,35,CARD.PREPARED,Prepared
1781556560,36,CARD.UNTOUCHABLE,Untouchable
1781556560,37,CARD.HAND_TRICK,Hand Trick
1781550252,1,CARD.STRIKE_SILENT,Strike Silent
1781550252,2,CARD.STRIKE_SILENT,Strike Silent
1781550252,3,CARD.STRIKE_SILENT,Strike Silent
1781550252,4,CARD.STRIKE_SILENT,Strike Silent
1781550252,5,CARD.STRIKE_SILENT,Strike Silent
1781550252,6,CARD.DEFEND_SILENT,Defend Silent
1781550252,7,CARD.DEFEND_SILENT,Defend Silent
1781550252,8,CARD.DEFEND_SILENT,Defend Silent
1781550252,9,CARD.DEFEND_SILENT,Defend Silent
1781550252,10,CARD.DEFEND_SILENT,Defend Silent
1781550252,11,CARD.NEUTRALIZE,Neutralize
1781550252,12,CARD.SURVIVOR,Survivor
1781550226,1,CARD.STRIKE_SILENT,Strike Silent
1781550226,2,CARD.STRIKE_SILENT,Strike Silent
1781550226,3,CARD.STRIKE_SILENT,Strike Silent
1781550226,4,CARD.STRIKE_SILENT,Strike Silent
1781550226,5,CARD.DEFEND_SILENT,Defend Silent
1781550226,6,CARD.DEFEND_SILENT,Defend Silent
1781550226,7,CARD.DEFEND_SILENT,Defend Silent
1781550226,8,CARD.DEFEND_SILENT,Defend Silent
1781550226,9,CARD.DEFEND_SILENT,Defend Silent
1781550226,10,CARD.NEUTRALIZE,Neutralize
1781550226,11,CARD.SURVIVOR,Survivor
1781550226,12,CARD.EXPOSE,Expose
1781549277,1,CARD.STRIKE_SILENT,Strike Silent
1781549277,2,CARD.STRIKE_SILENT,Strike Silent
1781549277,3,CARD.STRIKE_SILENT,Strike Silent
1781549277,4,CARD.STRIKE_SILENT,Strike Silent
1781549277,5,CARD.STRIKE_SILENT,Strike Silent
1781549277,6,CARD.DEFEND_SILENT,Defend Silent
1781549277,7,CARD.DEFEND_SILENT,Defend Silent
1781549277,8,CARD.DEFEND_SILENT,Defend Silent
1781549277,9,CARD.DEFEND_SILENT,Defend Silent
1781549277,10,CARD.DEFEND_SILENT,Defend Silent
1781549277,11,CARD.NEUTRALIZE,Neutralize
1781549277,12,CARD.SURVIVOR,Survivor
1781549277,13,CARD.ADRENALINE,Adrenaline
1781549277,14,CARD.INJURY,Injury
1781549277,15,CARD.PIERCING_WAIL,Piercing Wail
1781549277,16,CARD.HAZE,Haze
1781549277,17,CARD.DEADLY_POISON,Deadly Poison
1781549277,18,CARD.BACKFLIP,Backflip
1781549277,19,CARD.FLICK_FLACK,Flick Flack
1781549277,20,CARD.REFLEX,Reflex
1781549277,21,CARD.PREPARED,Prepared
1781549277,22,CARD.NOXIOUS_FUMES,Noxious Fumes
1781549277,23,CARD.TOOLS_OF_THE_TRADE,Tools Of The Trade
1781549277,24,CARD.PREPARED,Prepared
1781549277,25,CARD.CLUMSY,Clumsy
1781548805,1,CARD.STRIKE_SILENT,Strike Silent
1781548805,2,CARD.STRIKE_SILENT,Strike Silent
1781548805,3,CARD.STRIKE_SILENT,Strike Silent
1781548805,4,CARD.STRIKE_SILENT,Strike Silent
1781548805,5,CARD.STRIKE_SILENT,Strike Silent
1781548805,6,CARD.DEFEND_SILENT,Defend Silent
1781548805,7,CARD.DEFEND_SILENT,Defend Silent
1781548805,8,CARD.DEFEND_SILENT,Defend Silent
1781548805,9,CARD.DEFEND_SILENT,Defend Silent
1781548805,10,CARD.DEFEND_SILENT,Defend Silent
1781548805,11,CARD.NEUTRALIZE,Neutralize
1781548805,12,CARD.SURVIVOR,Survivor
1781548805,13,CARD.MASTER_PLANNER,Master Planner
1781548805,14,CARD.ESCAPE_PLAN,Escape Plan
1781548805,15,CARD.TACTICIAN,Tactician
1781548805,16,CARD.OUTBREAK,Outbreak
1781548805,17,CARD.CLUMSY,Clumsy
1781484745,1,CARD.STRIKE_SILENT,Strike Silent
1781484745,2,CARD.STRIKE_SILENT,Strike Silent
1781484745,3,CARD.DEFEND_SILENT,Defend Silent
1781484745,4,CARD.DEFEND_SILENT,Defend Silent
1781484745,5,CARD.DEFEND_SILENT,Defend Silent
1781484745,6,CARD.DEFEND_SILENT,Defend Silent
1781484745,7,CARD.NEUTRALIZE,Neutralize
1781484745,8,CARD.SURVIVOR,Survivor
1781484745,9,CARD.BACKFLIP,Backflip
1781484745,10,CARD.REFLEX,Reflex
1781484745,11,CARD.ACCELERANT,Accelerant
1781484745,12,CARD.HIDDEN_DAGGERS,Hidden Daggers
1781484745,13,CARD.DEADLY_POISON,Deadly Poison
1781484745,14,CARD.DEADLY_POISON,Deadly Poison
1781484745,15,CARD.ACCELERANT,Accelerant
1781484745,16,CARD.RICOCHET,Ricochet
1781484745,17,CARD.DAGGER_THROW,Dagger Throw
1781484745,18,CARD.DEADLY_POISON,Deadly Poison
1781484745,19,CARD.MASTER_PLANNER,Master Planner
1781484745,20,CARD.ACROBATICS,Acrobatics
1781484745,21,CARD.HAZE,Haze
1781484745,22,CARD.PREPARED,Prepared
1781484745,23,CARD.SNAKEBITE,Snakebite
1781484745,24,CARD.ESCAPE_PLAN,Escape Plan
1781484745,25,CARD.BACKFLIP,Backflip
1781484745,26,CARD.ESCAPE_PLAN,Escape Plan
1781484745,27,CARD.BACKSTAB,Backstab
1781484745,28,CARD.ADRENALINE,Adrenaline
1781484745,29,CARD.HAND_TRICK,Hand Trick
1781484745,30,CARD.FOOTWORK,Footwork
1781484745,31,CARD.TOOLS_OF_THE_TRADE,Tools Of The Trade
1781484745,32,CARD.OUTBREAK,Outbreak
1781484745,33,CARD.ENVENOM,Envenom
1781484745,34,CARD.ESCAPE_PLAN,Escape Plan
1781484745,35,CARD.POISONED_STAB,Poisoned Stab
1781484745,36,CARD.MIRAGE,Mirage
1781484745,37,CARD.INFINITE_BLADES,Infinite Blades
1781484745,38,CARD.BUBBLE_BUBBLE,Bubble Bubble
1781484745,39,CARD.PREPARED,Prepared
1781484745,40,CARD.TACTICIAN,Tactician
1781484745,41,CARD.BUBBLE_BUBBLE,Bubble Bubble
1781217192,1,CARD.DEFEND_REGENT,Defend Regent
1781217192,2,CARD.DEFEND_REGENT,Defend Regent
1781217192,3,CARD.DEFEND_REGENT,Defend Regent
1781217192,4,CARD.DEFEND_REGENT,Defend Regent
1781217192,5,CARD.VENERATE,Venerate
1781217192,6,CARD.ASTRAL_PULSE,Astral Pulse
1781217192,7,CARD.I_AM_INVINCIBLE,I Am Invincible
1781217192,8,CARD.GLOW,Glow
1781217192,9,CARD.REFLECT,Reflect
1781217192,10,CARD.GATHER_LIGHT,Gather Light
1781217192,11,CARD.LARGESSE,Largesse
1781217192,12,CARD.BLACK_HOLE,Black Hole
1781217192,13,CARD.RESONANCE,Resonance
1781217192,14,CARD.DEVASTATE,Devastate
1781217192,15,CARD.BLACK_HOLE,Black Hole
1781217192,16,CARD.BIG_BANG,Big Bang
1781217192,17,CARD.METEOR_SHOWER,Meteor Shower
1781217192,18,CARD.HIDDEN_CACHE,Hidden Cache
1781217192,19,CARD.ORBIT,Orbit
1781217192,20,CARD.BLACK_HOLE,Black Hole
1781217192,21,CARD.GATHER_LIGHT,Gather Light
1781217192,22,CARD.ULTIMATE_STRIKE,Ultimate Strike
1781217192,23,CARD.CLOAK_OF_STARS,Cloak Of Stars
1781217192,24,CARD.MAKE_IT_SO,Make It So
1781217192,25,CARD.KNOCKOUT_BLOW,Knockout Blow
1781217192,26,CARD.SPLASH,Splash
1781217192,27,CARD.GLOW,Glow
1781217192,28,CARD.GLITTERSTREAM,Glitterstream
1781175779,1,CARD.DEFEND_SILENT,Defend Silent
1781175779,2,CARD.DEFEND_SILENT,Defend Silent
1781175779,3,CARD.DEFEND_SILENT,Defend Silent
1781175779,4,CARD.NEUTRALIZE,Neutralize
1781175779,5,CARD.SURVIVOR,Survivor
1781175779,6,CARD.TOOLS_OF_THE_TRADE,Tools Of The Trade
1781175779,7,CARD.PREPARED,Prepared
1781175779,8,CARD.HAND_TRICK,Hand Trick
1781175779,9,CARD.RICOCHET,Ricochet
1781175779,10,CARD.UNTOUCHABLE,Untouchable
1781175779,11,CARD.FOOTWORK,Footwork
1781175779,12,CARD.UNTOUCHABLE,Untouchable
1781175779,13,CARD.EXPERTISE,Expertise
1781175779,14,CARD.PREPARED,Prepared
1781175779,15,CARD.SLICE,Slice
1781175779,16,CARD.ADRENALINE,Adrenaline
1781175779,17,CARD.BLUR,Blur
1781175779,18,CARD.SERPENT_FORM,Serpent Form
1781175779,19,CARD.SHADOWMELD,Shadowmeld
1781175779,20,CARD.TACTICIAN,Tactician
1781175779,21,CARD.AUTOMATION,Automation
1781175779,22,CARD.ABRASIVE,Abrasive
1781175779,23,CARD.SPEEDSTER,Speedster
1781175779,24,CARD.BACKFLIP,Backflip
1781175779,25,CARD.CORROSIVE_WAVE,Corrosive Wave
1781175779,26,CARD.MAUL,Maul
1781175779,27,CARD.MAUL,Maul
1781175779,28,CARD.MAUL,Maul
1781175779,29,CARD.MAUL,Maul
1781175779,30,CARD.MAUL,Maul
1781175779,31,CARD.MAUL,Maul
1781175779,32,CARD.RICOCHET,Ricochet
1781175779,33,CARD.RICOCHET,Ricochet
1781175779,34,CARD.BACKSTAB,Backstab
1781175779,35,CARD.BACKFLIP,Backflip
1780961235,1,CARD.STRIKE_REGENT,Strike Regent
1780961235,2,CARD.STRIKE_REGENT,Strike Regent
1780961235,3,CARD.DEFEND_REGENT,Defend Regent
1780961235,4,CARD.DEFEND_REGENT,Defend Regent
1780961235,5,CARD.DEFEND_REGENT,Defend Regent
1780961235,6,CARD.DEFEND_REGENT,Defend Regent
1780961235,7,CARD.FALLING_STAR,Falling Star
1780961235,8,CARD.VENERATE,Venerate
1780961235,9,CARD.DEFEND_REGENT,Defend Regent
1780961235,10,CARD.HIDDEN_CACHE,Hidden Cache
1780961235,11,CARD.SEVEN_STARS,Seven Stars
1780961235,12,CARD.PATTER,Patter
1780961235,13,CARD.COSMIC_INDIFFERENCE,Cosmic Indifference
1780961235,14,CARD.GLOW,Glow
1780961235,15,CARD.PHOTON_CUT,Photon Cut
1780961235,16,CARD.VOID_FORM,Void Form
1780961235,17,CARD.CRESCENT_SPEAR,Crescent Spear
1780961235,18,CARD.CRESCENT_SPEAR,Crescent Spear
1780961235,19,CARD.PROPHESIZE,Prophesize
1780961235,20,CARD.PROPHESIZE,Prophesize
1780961235,21,CARD.BLACK_HOLE,Black Hole
1780961235,22,CARD.BLACK_HOLE,Black Hole
1780961235,23,CARD.KNOW_THY_PLACE,Know Thy Place
1780961235,24,CARD.KNOW_THY_PLACE,Know Thy Place
1780961235,25,CARD.DYING_STAR,Dying Star
1780961235,26,CARD.DYING_STAR,Dying Star
1780961235,27,CARD.GUIDING_STAR,Guiding Star
1780961235,28,CARD.GUIDING_STAR,Guiding Star
1780959402,1,CARD.STRIKE_REGENT,Strike Regent
1780959402,2,CARD.STRIKE_REGENT,Strike Regent
1780959402,3,CARD.STRIKE_REGENT,Strike Regent
1780959402,4,CARD.DEFEND_REGENT,Defend Regent
1780959402,5,CARD.DEFEND_REGENT,Defend Regent
1780959402,6,CARD.DEFEND_REGENT,Defend Regent
1780959402,7,CARD.DEFEND_REGENT,Defend Regent
1780959402,8,CARD.FALLING_STAR,Falling Star
1780959402,9,CARD.VENERATE,Venerate
1780959402,10,CARD.NEOWS_FURY,Neows Fury
1780959402,11,CARD.PATTER,Patter
1780959402,12,CARD.HIDDEN_CACHE,Hidden Cache
1780959402,13,CARD.CHILD_OF_THE_STARS,Child Of The Stars
1780959402,14,CARD.CRUSH_UNDER,Crush Under
1780959402,15,CARD.CRESCENT_SPEAR,Crescent Spear
1780959402,16,CARD.BIG_BANG,Big Bang
1780959402,17,CARD.ASTRAL_PULSE,Astral Pulse
1780959402,18,CARD.CLOAK_OF_STARS,Cloak Of Stars
1780858880,1,CARD.STRIKE_REGENT,Strike Regent
1780858880,2,CARD.DEFEND_REGENT,Defend Regent
1780858880,3,CARD.DEFEND_REGENT,Defend Regent
1780858880,4,CARD.DEFEND_REGENT,Defend Regent
1780858880,5,CARD.DEFEND_REGENT,Defend Regent
1780858880,6,CARD.FALLING_STAR,Falling Star
1780858880,7,CARD.VENERATE,Venerate
1780858880,8,CARD.HEIRLOOM_HAMMER,Heirloom Hammer
1780858880,9,CARD.BEGONE,Begone
1780858880,10,CARD.STARDUST,Stardust
1780858880,11,CARD.PHOTON_CUT,Photon Cut
1780858880,12,CARD.COLLISION_COURSE,Collision Course
1780858880,13,CARD.RADIATE,Radiate
1780858880,14,CARD.GENESIS,Genesis
1780858880,15,CARD.REFLECT,Reflect
1780858880,16,CARD.CLOAK_OF_STARS,Cloak Of Stars
1780858880,17,CARD.GUIDING_STAR,Guiding Star
1780858880,18,CARD.BOMBARDMENT,Bombardment
1780858880,19,CARD.BUNDLE_OF_JOY,Bundle Of Joy
1780858880,20,CARD.CHILD_OF_THE_STARS,Child Of The Stars
1780858880,21,CARD.GLITTERSTREAM,Glitterstream
1780858880,22,CARD.HIDDEN_CACHE,Hidden Cache
1780858880,23,CARD.GENESIS,Genesis
1780858880,24,CARD.PARTICLE_WALL,Particle Wall
1780858880,25,CARD.TERRAFORMING,Terraforming
1780858880,26,CARD.SOLAR_STRIKE,Solar Strike
1780858880,27,CARD.ROYAL_GAMBLE,Royal Gamble
1780858880,28,CARD.PATTER,Patter
1780858880,29,CARD.NEUTRON_AEGIS,Neutron Aegis
1780858880,30,CARD.PATTER,Patter
1780858880,31,CARD.HEIRLOOM_HAMMER,Heirloom Hammer
1780858880,32,CARD.GLOW,Glow
1780851438,1,CARD.STRIKE_REGENT,Strike Regent
1780851438,2,CARD.STRIKE_REGENT,Strike Regent
1780851438,3,CARD.STRIKE_REGENT,Strike Regent
1780851438,4,CARD.DEFEND_REGENT,Defend Regent
1780851438,5,CARD.DEFEND_REGENT,Defend Regent
1780851438,6,CARD.DEFEND_REGENT,Defend Regent
1780851438,7,CARD.DEFEND_REGENT,Defend Regent
1780851438,8,CARD.FALLING_STAR,Falling Star
1780851438,9,CARD.VENERATE,Venerate
1780851438,10,CARD.PATTER,Patter
1780851438,11,CARD.BLACK_HOLE,Black Hole
1780851438,12,CARD.CONVERGENCE,Convergence
1780851438,13,CARD.CELESTIAL_MIGHT,Celestial Might
1780851438,14,CARD.REFLECT,Reflect
1780851438,15,CARD.PATTER,Patter
1780851438,16,CARD.RESONANCE,Resonance
1780851438,17,CARD.MONOLOGUE,Monologue
1780851438,18,CARD.HIDDEN_CACHE,Hidden Cache
1780851438,19,CARD.NEUTRON_AEGIS,Neutron Aegis
1780851438,20,CARD.ORBIT,Orbit
1780851438,21,CARD.MONOLOGUE,Monologue
1780851438,22,CARD.GATHER_LIGHT,Gather Light
1780851438,23,CARD.PARTICLE_WALL,Particle Wall
1780851438,24,CARD.HIDDEN_CACHE,Hidden Cache
1780851438,25,CARD.CELESTIAL_MIGHT,Celestial Might
1780851438,26,CARD.PATTER,Patter
1780851438,27,CARD.GUIDING_STAR,Guiding Star
1780851438,28,CARD.ASTRAL_PULSE,Astral Pulse
1780851438,29,CARD.GLOW,Glow
1780851438,30,CARD.GUIDING_STAR,Guiding Star
1780851438,31,CARD.HEAVENLY_DRILL,Heavenly Drill
1780767913,1,CARD.DEFEND_REGENT,Defend Regent
1780767913,2,CARD.DEFEND_REGENT,Defend Regent
1780767913,3,CARD.DEFEND_REGENT,Defend Regent
1780767913,4,CARD.DEFEND_REGENT,Defend Regent
1780767913,5,CARD.FALLING_STAR,Falling Star
1780767913,6,CARD.VENERATE,Venerate
1780767913,7,CARD.DEFEND_REGENT,Defend Regent
1780767913,8,CARD.WROUGHT_IN_WAR,Wrought In War
1780767913,9,CARD.WROUGHT_IN_WAR,Wrought In War
1780767913,10,CARD.REFINE_BLADE,Refine Blade
1780767913,11,CARD.SPOILS_OF_BATTLE,Spoils Of Battle
1780767913,12,CARD.COSMIC_INDIFFERENCE,Cosmic Indifference
1780767913,13,CARD.DECISIONS_DECISIONS,Decisions Decisions
1780767913,14,CARD.GATHER_LIGHT,Gather Light
1780767913,15,CARD.BIG_BANG,Big Bang
1780767913,16,CARD.FURNACE,Furnace
1780767913,17,CARD.DYING_STAR,Dying Star
1780767913,18,CARD.PARRY,Parry
1780767913,19,CARD.PARRY,Parry
1780767913,20,CARD.SPOILS_OF_BATTLE,Spoils Of Battle
1780767913,21,CARD.ROYALTIES,Royalties
1780767913,22,CARD.GENESIS,Genesis
1780767913,23,CARD.SUMMON_FORTH,Summon Forth
1780767913,24,CARD.REFLECT,Reflect
1780767913,25,CARD.BULWARK,Bulwark
1780767913,26,CARD.THE_SMITH,The Smith
1780767913,27,CARD.VOID_FORM,Void Form
1780767913,28,CARD.GUIDING_STAR,Guiding Star
1780767913,29,CARD.PARRY,Parry
1780767913,30,CARD.REFINE_BLADE,Refine Blade
1780694464,1,CARD.DEFEND_REGENT,Defend Regent
1780694464,2,CARD.DEFEND_REGENT,Defend Regent
1780694464,3,CARD.DEFEND_REGENT,Defend Regent
1780694464,4,CARD.FALLING_STAR,Falling Star
1780694464,5,CARD.SEEKING_EDGE,Seeking Edge
1780694464,6,CARD.MONOLOGUE,Monologue
1780694464,7,CARD.KNOW_THY_PLACE,Know Thy Place
1780694464,8,CARD.SPOILS_OF_BATTLE,Spoils Of Battle
1780694464,9,CARD.COSMIC_INDIFFERENCE,Cosmic Indifference
1780694464,10,CARD.BULWARK,Bulwark
1780694464,11,CARD.VOID_FORM,Void Form
1780694464,12,CARD.PARRY,Parry
1780694464,13,CARD.ALIGNMENT,Alignment
1780694464,14,CARD.GLOW,Glow
1780694464,15,CARD.PARRY,Parry
1780694464,16,CARD.WROUGHT_IN_WAR,Wrought In War
1780694464,17,CARD.FURNACE,Furnace
1780694464,18,CARD.DECISIONS_DECISIONS,Decisions Decisions
1780694464,19,CARD.REFINE_BLADE,Refine Blade
1780694464,20,CARD.SUMMON_FORTH,Summon Forth
1780694464,21,CARD.GATHER_LIGHT,Gather Light
1780694464,22,CARD.BIG_BANG,Big Bang
1780694464,23,CARD.CONQUEROR,Conqueror
1780694464,24,CARD.SEEKING_EDGE,Seeking Edge
1780694464,25,CARD.LUNAR_BLAST,Lunar Blast
1780691091,1,CARD.STRIKE_REGENT,Strike Regent
1780691091,2,CARD.STRIKE_REGENT,Strike Regent
1780691091,3,CARD.STRIKE_REGENT,Strike Regent
1780691091,4,CARD.STRIKE_REGENT,Strike Regent
1780691091,5,CARD.DEFEND_REGENT,Defend Regent
1780691091,6,CARD.DEFEND_REGENT,Defend Regent
1780691091,7,CARD.DEFEND_REGENT,Defend Regent
1780691091,8,CARD.DEFEND_REGENT,Defend Regent
1780691091,9,CARD.FALLING_STAR,Falling Star
1780691091,10,CARD.VENERATE,Venerate
1780601072,1,CARD.STRIKE_REGENT,Strike Regent
1780601072,2,CARD.STRIKE_REGENT,Strike Regent
1780601072,3,CARD.DEFEND_REGENT,Defend Regent
1780601072,4,CARD.DEFEND_REGENT,Defend Regent
1780601072,5,CARD.DEFEND_REGENT,Defend Regent
1780601072,6,CARD.DEFEND_REGENT,Defend Regent
1780601072,7,CARD.FALLING_STAR,Falling Star
1780601072,8,CARD.VENERATE,Venerate
1780601072,9,CARD.MAKE_IT_SO,Make It So
1780601072,10,CARD.ALIGNMENT,Alignment
1780601072,11,CARD.SPOILS_OF_BATTLE,Spoils Of Battle
1780601072,12,CARD.RADIATE,Radiate
1780601072,13,CARD.GLITTERSTREAM,Glitterstream
1780601072,14,CARD.MONOLOGUE,Monologue
1780601072,15,CARD.HIDDEN_CACHE,Hidden Cache
1780601072,16,CARD.CHILD_OF_THE_STARS,Child Of The Stars
1780601072,17,CARD.CONVERGENCE,Convergence
1780601072,18,CARD.GAMMA_BLAST,Gamma Blast
1780601072,19,CARD.GLITTERSTREAM,Glitterstream
1780601072,20,CARD.VOID_FORM,Void Form
1780601072,21,CARD.RELAX,Relax
1780601072,22,CARD.RELAX,Relax
1780601072,23,CARD.CRUSH_UNDER,Crush Under
1780601072,24,CARD.CHILD_OF_THE_STARS,Child Of The Stars
1780601072,25,CARD.PARRY,Parry
1780601072,26,CARD.GLOW,Glow
1780601072,27,CARD.GLOW,Glow
1780601072,28,CARD.SEEKING_EDGE,Seeking Edge
1780601072,29,CARD.SEEKING_EDGE,Seeking Edge
1780601072,30,CARD.PARRY,Parry
1780601072,31,CARD.PARRY,Parry
1780601072,32,CARD.GUIDING_STAR,Guiding Star
1780601072,33,CARD.GUIDING_STAR,Guiding Star
1780601072,34,CARD.PROPHESIZE,Prophesize
1780601072,35,CARD.PROPHESIZE,Prophesize
1780601072,36,CARD.SPOILS_OF_BATTLE,Spoils Of Battle
1780601072,37,CARD.SPOILS_OF_BATTLE,Spoils Of Battle
1780601072,38,CARD.SWORD_SAGE,Sword Sage
1780601072,39,CARD.SWORD_SAGE,Sword Sage
1780601072,40,CARD.KNOW_THY_PLACE,Know Thy Place
1780601072,41,CARD.KNOW_THY_PLACE,Know Thy Place
1780601072,42,CARD.WROUGHT_IN_WAR,Wrought In War
1780601072,43,CARD.WROUGHT_IN_WAR,Wrought In War
1780601072,44,CARD.SUMMON_FORTH,Summon Forth
1780601072,45,CARD.SUMMON_FORTH,Summon Forth
1780601072,46,CARD.ORBIT,Orbit
1780601072,47,CARD.ORBIT,Orbit
1780601072,48,CARD.REFINE_BLADE,Refine Blade
1780601072,49,CARD.REFINE_BLADE,Refine Blade
1780440192,1,CARD.STRIKE_SILENT,Strike Silent
1780440192,2,CARD.STRIKE_SILENT,Strike Silent
1780440192,3,CARD.STRIKE_SILENT,Strike Silent
1780440192,4,CARD.DEFEND_SILENT,Defend Silent
1780440192,5,CARD.DEFEND_SILENT,Defend Silent
1780440192,6,CARD.DEFEND_SILENT,Defend Silent
1780440192,7,CARD.DEFEND_SILENT,Defend Silent
1780440192,8,CARD.DEFEND_SILENT,Defend Silent
1780440192,9,CARD.NEUTRALIZE,Neutralize
1780440192,10,CARD.SURVIVOR,Survivor
1780440192,11,CARD.NOXIOUS_FUMES,Noxious Fumes
1780440192,12,CARD.CLOAK_AND_DAGGER,Cloak And Dagger
1780440192,13,CARD.BLUR,Blur
1780440192,14,CARD.CLOAK_AND_DAGGER,Cloak And Dagger
1780440192,15,CARD.BLADE_DANCE,Blade Dance
1780440192,16,CARD.EXPOSE,Expose
1780440192,17,CARD.ACCURACY,Accuracy
1780440192,18,CARD.NOXIOUS_FUMES,Noxious Fumes
1780440192,19,CARD.ACCURACY,Accuracy
1780440192,20,CARD.LEADING_STRIKE,Leading Strike
1780440192,21,CARD.ENVENOM,Envenom
1780440192,22,CARD.STRANGLE,Strangle
1780440192,23,CARD.FINISHER,Finisher
1780440192,24,CARD.ACROBATICS,Acrobatics
1780440192,25,CARD.METAMORPHOSIS,Metamorphosis
1780440192,26,CARD.BURST,Burst
1780440192,27,CARD.EXPERTISE,Expertise
1780440192,28,CARD.ACCURACY,Accuracy
1780440192,29,CARD.CLOAK_AND_DAGGER,Cloak And Dagger
1780440192,30,CARD.BACKFLIP,Backflip
1780440192,31,CARD.ADRENALINE,Adrenaline
1780440192,32,CARD.PREPARED,Prepared
1780440192,33,CARD.BACKFLIP,Backflip
1780440192,34,CARD.THINKING_AHEAD,Thinking Ahead
1780440192,35,CARD.CLUMSY,Clumsy
1780440192,36,CARD.AFTERIMAGE,Afterimage
1780436527,1,CARD.STRIKE_SILENT,Strike Silent
1780436527,2,CARD.STRIKE_SILENT,Strike Silent
1780436527,3,CARD.STRIKE_SILENT,Strike Silent
1780436527,4,CARD.STRIKE_SILENT,Strike Silent
1780436527,5,CARD.STRIKE_SILENT,Strike Silent
1780436527,6,CARD.DEFEND_SILENT,Defend Silent
1780436527,7,CARD.DEFEND_SILENT,Defend Silent
1780436527,8,CARD.DEFEND_SILENT,Defend Silent
1780436527,9,CARD.DEFEND_SILENT,Defend Silent
1780436527,10,CARD.DEFEND_SILENT,Defend Silent
1780436527,11,CARD.NEUTRALIZE,Neutralize
1780436527,12,CARD.SURVIVOR,Survivor
1780436527,13,CARD.BACKFLIP,Backflip
1780436527,14,CARD.LEADING_STRIKE,Leading Strike
1780436527,15,CARD.PREPARED,Prepared
1780436527,16,CARD.RICOCHET,Ricochet
1780436527,17,CARD.MEMENTO_MORI,Memento Mori
1780436527,18,CARD.DAGGER_THROW,Dagger Throw
1780436527,19,CARD.TOOLS_OF_THE_TRADE,Tools Of The Trade
1780436527,20,CARD.ACROBATICS,Acrobatics
1780436527,21,CARD.GRAND_FINALE,Grand Finale
1780436527,22,CARD.SPEEDSTER,Speedster
1780436527,23,CARD.SQUASH,Squash
1780436527,24,CARD.REFLEX,Reflex
1780436527,25,CARD.MASTER_PLANNER,Master Planner
1780436527,26,CARD.PREPARED,Prepared
1780436527,27,CARD.TACTICIAN,Tactician
1780414616,1,CARD.STRIKE_SILENT,Strike Silent
1780414616,2,CARD.STRIKE_SILENT,Strike Silent
1780414616,3,CARD.STRIKE_SILENT,Strike Silent
1780414616,4,CARD.DEFEND_SILENT,Defend Silent
1780414616,5,CARD.DEFEND_SILENT,Defend Silent
1780414616,6,CARD.DEFEND_SILENT,Defend Silent
1780414616,7,CARD.DEFEND_SILENT,Defend Silent
1780414616,8,CARD.DEFEND_SILENT,Defend Silent
1780414616,9,CARD.NEUTRALIZE,Neutralize
1780414616,10,CARD.SURVIVOR,Survivor
1780414616,11,CARD.PROWESS,Prowess
1780414616,12,CARD.PREPARED,Prepared
1780414616,13,CARD.LEADING_STRIKE,Leading Strike
1780414616,14,CARD.KNIFE_TRAP,Knife Trap
1780414616,15,CARD.BACKSTAB,Backstab
1780414616,16,CARD.HAND_TRICK,Hand Trick
1780414616,17,CARD.PHANTOM_BLADES,Phantom Blades
1780414616,18,CARD.ESCAPE_PLAN,Escape Plan
1780414616,19,CARD.LEADING_STRIKE,Leading Strike
1780414616,20,CARD.DODGE_AND_ROLL,Dodge And Roll
1780414616,21,CARD.BURST,Burst
1780414616,22,CARD.ACCURACY,Accuracy
1780414616,23,CARD.AFTERIMAGE,Afterimage
1780414616,24,CARD.TRACKING,Tracking
1780414616,25,CARD.BLADE_DANCE,Blade Dance
1780414616,26,CARD.CLOAK_AND_DAGGER,Cloak And Dagger
1780414616,27,CARD.FLASH_OF_STEEL,Flash Of Steel
1780414616,28,CARD.PIERCING_WAIL,Piercing Wail
1780414616,29,CARD.UP_MY_SLEEVE,Up My Sleeve
1780414616,30,CARD.BACKSTAB,Backstab
1780414616,31,CARD.TOOLS_OF_THE_TRADE,Tools Of The Trade
1780414616,32,CARD.CLUMSY,Clumsy
1780414616,33,CARD.ABRASIVE,Abrasive
1780414616,34,CARD.BLADE_DANCE,Blade Dance
1780414616,35,CARD.MURDER,Murder
1780414616,36,CARD.KNIFE_TRAP,Knife Trap
1780414616,37,CARD.APOTHEOSIS,Apotheosis
1780414616,38,CARD.UP_MY_SLEEVE,Up My Sleeve
1780414616,39,CARD.MASTER_PLANNER,Master Planner
1780414616,40,CARD.CLOAK_AND_DAGGER,Cloak And Dagger
1780414616,41,CARD.ESCAPE_PLAN,Escape Plan
1780339506,1,CARD.STRIKE_SILENT,Strike Silent
1780339506,2,CARD.STRIKE_SILENT,Strike Silent
1780339506,3,CARD.STRIKE_SILENT,Strike Silent
1780339506,4,CARD.STRIKE_SILENT,Strike Silent
1780339506,5,CARD.STRIKE_SILENT,Strike Silent
1780339506,6,CARD.DEFEND_SILENT,Defend Silent
1780339506,7,CARD.DEFEND_SILENT,Defend Silent
1780339506,8,CARD.DEFEND_SILENT,Defend Silent
1780339506,9,CARD.DEFEND_SILENT,Defend Silent
1780339506,10,CARD.DEFEND_SILENT,Defend Silent
1780339506,11,CARD.NEUTRALIZE,Neutralize
1780339506,12,CARD.SURVIVOR,Survivor
1780339506,13,CARD.MURDER,Murder
1780339506,14,CARD.OUTBREAK,Outbreak
1780339506,15,CARD.LEADING_STRIKE,Leading Strike
1780339506,16,CARD.BOUNCING_FLASK,Bouncing Flask
1780339506,17,CARD.FLICK_FLACK,Flick Flack
1780339506,18,CARD.NOXIOUS_FUMES,Noxious Fumes
1780339506,19,CARD.BACKFLIP,Backflip
1780339506,20,CARD.UP_MY_SLEEVE,Up My Sleeve
1780339506,21,CARD.MASTER_PLANNER,Master Planner
1780339506,22,CARD.PIERCING_WAIL,Piercing Wail
1780339506,23,CARD.HAND_TRICK,Hand Trick
1780319118,1,CARD.STRIKE_NECROBINDER,Strike Necrobinder
1780319118,2,CARD.STRIKE_NECROBINDER,Strike Necrobinder
1780319118,3,CARD.STRIKE_NECROBINDER,Strike Necrobinder
1780319118,4,CARD.DEFEND_NECROBINDER,Defend Necrobinder
1780319118,5,CARD.DEFEND_NECROBINDER,Defend Necrobinder
1780319118,6,CARD.DEFEND_NECROBINDER,Defend Necrobinder
1780319118,7,CARD.DEFEND_NECROBINDER,Defend Necrobinder
1780319118,8,CARD.BODYGUARD,Bodyguard
1780319118,9,CARD.UNLEASH,Unleash
1780319118,10,CARD.AUTOMATION,Automation
1780319118,11,CARD.DEFY,Defy
1780319118,12,CARD.GRAVEBLAST,Graveblast
1780319118,13,CARD.FETCH,Fetch
1780319118,14,CARD.THE_SCYTHE,The Scythe
1780319118,15,CARD.DEATHBRINGER,Deathbringer
1780319118,16,CARD.SCOURGE,Scourge
1780319118,17,CARD.INVOKE,Invoke
1780319118,18,CARD.MISERY,Misery
1780319118,19,CARD.AFTERLIFE,Afterlife
1780319118,20,CARD.SCOURGE,Scourge
1780319118,21,CARD.SHROUD,Shroud
1780319118,22,CARD.DEATHBRINGER,Deathbringer
1780319118,23,CARD.END_OF_DAYS,End Of Days
1780319118,24,CARD.GRAVEBLAST,Graveblast
1780319118,25,CARD.CAPTURE_SPIRIT,Capture Spirit
1780319118,26,CARD.SCULPTING_STRIKE,Sculpting Strike
1780319118,27,CARD.BONE_SHARDS,Bone Shards
1780319118,28,CARD.VEILPIERCER,Veilpiercer
1780319118,29,CARD.DEFY,Defy
1780319118,30,CARD.DEATHS_DOOR,Deaths Door
1780319118,31,CARD.COUNTDOWN,Countdown
1780319118,32,CARD.LETHALITY,Lethality
1780319118,33,CARD.BLIGHT_STRIKE,Blight Strike
1780319118,34,CARD.NEUROSURGE,Neurosurge
1780319118,35,CARD.BLIGHT_STRIKE,Blight Strike
1780319118,36,CARD.NO_ESCAPE,No Escape
1780319118,37,CARD.INVOKE,Invoke
1780319118,38,CARD.DANSE_MACABRE,Danse Macabre
1780319118,39,CARD.CLUMSY,Clumsy
1780319118,40,CARD.PUTREFY,Putrefy
1780270025,1,CARD.STRIKE_DEFECT,Strike Defect
1780270025,2,CARD.STRIKE_DEFECT,Strike Defect
1780270025,3,CARD.DEFEND_DEFECT,Defend Defect
1780270025,4,CARD.DEFEND_DEFECT,Defend Defect
1780270025,5,CARD.DEFEND_DEFECT,Defend Defect
1780270025,6,CARD.ZAP,Zap
1780270025,7,CARD.DUALCAST,Dualcast
1780270025,8,CARD.CHILL,Chill
1780270025,9,CARD.GUNK_UP,Gunk Up
1780270025,10,CARD.GUNK_UP,Gunk Up
1780270025,11,CARD.COOLANT,Coolant
1780270025,12,CARD.CHARGE_BATTERY,Charge Battery
1780270025,13,CARD.LEAP,Leap
1780270025,14,CARD.MACHINE_LEARNING,Machine Learning
1780270025,15,CARD.MOMENTUM_STRIKE,Momentum Strike
1780270025,16,CARD.BEAT_DOWN,Beat Down
1780270025,17,CARD.HOLOGRAM,Hologram
1780270025,18,CARD.BEAM_CELL,Beam Cell
1780270025,19,CARD.LIGHTNING_ROD,Lightning Rod
1780270025,20,CARD.SQUASH,Squash
1780270025,21,CARD.ADAPTIVE_STRIKE,Adaptive Strike
1780270025,22,CARD.ROCKET_PUNCH,Rocket Punch
1780270025,23,CARD.TRASH_TO_TREASURE,Trash To Treasure
1780270025,24,CARD.ADAPTIVE_STRIKE,Adaptive Strike
1780270025,25,CARD.BUFFER,Buffer
1780270025,26,CARD.MACHINE_LEARNING,Machine Learning
1780270025,27,CARD.COOLANT,Coolant
1780270025,28,CARD.GUNK_UP,Gunk Up
1780270025,29,CARD.ECHO_FORM,Echo Form
1780270025,30,CARD.APOTHEOSIS,Apotheosis
1780270025,31,CARD.FERAL,Feral
1780270025,32,CARD.COMPACT,Compact
1780270025,33,CARD.COOLHEADED,Coolheaded
1780270025,34,CARD.SUPERCRITICAL,Supercritical
1780270025,35,CARD.MODDED,Modded
1780270025,36,CARD.ALL_FOR_ONE,All For One
1780270025,37,CARD.MIMIC,Mimic
1780270025,38,CARD.WHITE_NOISE,White Noise
1780270025,39,CARD.FERAL,Feral
1780266320,1,CARD.STRIKE_DEFECT,Strike Defect
1780266320,2,CARD.STRIKE_DEFECT,Strike Defect
1780266320,3,CARD.STRIKE_DEFECT,Strike Defect
1780266320,4,CARD.DEFEND_DEFECT,Defend Defect
1780266320,5,CARD.DEFEND_DEFECT,Defend Defect
1780266320,6,CARD.DEFEND_DEFECT,Defend Defect
1780266320,7,CARD.DEFEND_DEFECT,Defend Defect
1780266320,8,CARD.ZAP,Zap
1780266320,9,CARD.JACK_OF_ALL_TRADES,Jack Of All Trades
1780266320,10,CARD.CHARGE_BATTERY,Charge Battery
1780266320,11,CARD.LIGHTNING_ROD,Lightning Rod
1780266320,12,CARD.SWEEPING_BEAM,Sweeping Beam
1780266320,13,CARD.PECK,Peck
1780266320,14,CARD.COMPACT,Compact
1780266320,15,CARD.THUNDER,Thunder
1780266320,16,CARD.GUNK_UP,Gunk Up
1780266320,17,CARD.VOLTAIC,Voltaic
1780266320,18,CARD.QUADCAST,Quadcast
1780266320,19,CARD.DOUBLE_ENERGY,Double Energy
1780266320,20,CARD.FTL,Ftl
1780266320,21,CARD.FOCUSED_STRIKE,Focused Strike
1780266320,22,CARD.LOOP,Loop
1780229507,1,CARD.STRIKE_NECROBINDER,Strike Necrobinder
1780229507,2,CARD.STRIKE_NECROBINDER,Strike Necrobinder
1780229507,3,CARD.STRIKE_NECROBINDER,Strike Necrobinder
1780229507,4,CARD.DEFEND_NECROBINDER,Defend Necrobinder
1780229507,5,CARD.DEFEND_NECROBINDER,Defend Necrobinder
1780229507,6,CARD.DEFEND_NECROBINDER,Defend Necrobinder
1780229507,7,CARD.DEFEND_NECROBINDER,Defend Necrobinder
1780229507,8,CARD.BODYGUARD,Bodyguard
1780229507,9,CARD.UNLEASH,Unleash
1780229507,10,CARD.NEOWS_FURY,Neows Fury
1780229507,11,CARD.INVOKE,Invoke
1780229507,12,CARD.ENFEEBLING_TOUCH,Enfeebling Touch
1780229507,13,CARD.NEGATIVE_PULSE,Negative Pulse
1780229507,14,CARD.THE_SCYTHE,The Scythe
1780229507,15,CARD.GRAVE_WARDEN,Grave Warden
1780229507,16,CARD.SIC_EM,Sic Em
1780229507,17,CARD.FETCH,Fetch
1780229507,18,CARD.DRAIN_POWER,Drain Power
1780229507,19,CARD.SCULPTING_STRIKE,Sculpting Strike
1780229507,20,CARD.WISP,Wisp
1780229507,21,CARD.SPIRIT_OF_ASH,Spirit Of Ash
1780229507,22,CARD.NEUROSURGE,Neurosurge
1780229507,23,CARD.FETCH,Fetch
1780229507,24,CARD.DIRGE,Dirge
1780229507,25,CARD.VEILPIERCER,Veilpiercer
1780229507,26,CARD.NO_ESCAPE,No Escape
1780229507,27,CARD.PULL_AGGRO,Pull Aggro
1780229507,28,CARD.PAGESTORM,Pagestorm
1780229507,29,CARD.DEFY,Defy
1780229507,30,CARD.REAPER_FORM,Reaper Form
1780229507,31,CARD.SNAP,Snap
1780170424,1,CARD.BODYGUARD,Bodyguard
1780170424,2,CARD.UNLEASH,Unleash
1780170424,3,CARD.REANIMATE,Reanimate
1780170424,4,CARD.DEFY,Defy
1780170424,5,CARD.DEATHBRINGER,Deathbringer
1780170424,6,CARD.PUTREFY,Putrefy
1780170424,7,CARD.AFTERLIFE,Afterlife
1780170424,8,CARD.HANG,Hang
1780170424,9,CARD.DREDGE,Dredge
1780170424,10,CARD.GRAVE_WARDEN,Grave Warden
1780170424,11,CARD.WISP,Wisp
1780170424,12,CARD.GRAVEBLAST,Graveblast
1780170424,13,CARD.SPIRIT_OF_ASH,Spirit Of Ash
1780170424,14,CARD.VEILPIERCER,Veilpiercer
1780170424,15,CARD.REAVE,Reave
1780170424,16,CARD.NEUROSURGE,Neurosurge
1780170424,17,CARD.CALCIFY,Calcify
1780170424,18,CARD.UNDEATH,Undeath
1780170424,19,CARD.SHARED_FATE,Shared Fate
1780170424,20,CARD.SOUL_STORM,Soul Storm
1780170424,21,CARD.POKE,Poke
1780170424,22,CARD.DEMESNE,Demesne
1780170424,23,CARD.SNAP,Snap
1780170424,24,CARD.LETHALITY,Lethality
1780170424,25,CARD.BANSHEES_CRY,Banshees Cry
1780170424,26,CARD.DEBILITATE,Debilitate
1780170424,27,CARD.POKE,Poke
1780170424,28,CARD.AFTERLIFE,Afterlife
1780170424,29,CARD.PULL_FROM_BELOW,Pull From Below
1780170424,30,CARD.FLATTEN,Flatten
1780170424,31,CARD.FETCH,Fetch
1780170424,32,CARD.HAUNT,Haunt
1780170424,33,CARD.FLATTEN,Flatten
1780170424,34,CARD.PARSE,Parse
1780170424,35,CARD.REAPER_FORM,Reaper Form
1780170424,36,CARD.LETHALITY,Lethality
1780170424,37,CARD.DEFY,Defy
1780170424,38,CARD.FETCH,Fetch
1780170424,39,CARD.WISP,Wisp
1780170424,40,CARD.SEVERANCE,Severance
1780170424,41,CARD.LETHALITY,Lethality
1780170424,42,CARD.GRAVEBLAST,Graveblast
1780138064,1,CARD.STRIKE_NECROBINDER,Strike Necrobinder
1780138064,2,CARD.STRIKE_NECROBINDER,Strike Necrobinder
1780138064,3,CARD.DEFEND_NECROBINDER,Defend Necrobinder
1780138064,4,CARD.DEFEND_NECROBINDER,Defend Necrobinder
1780138064,5,CARD.DEFEND_NECROBINDER,Defend Necrobinder
1780138064,6,CARD.DEFEND_NECROBINDER,Defend Necrobinder
1780138064,7,CARD.BODYGUARD,Bodyguard
1780138064,8,CARD.UNLEASH,Unleash
1780138064,9,CARD.PANACHE,Panache
1780138064,10,CARD.FRIENDSHIP,Friendship
1780138064,11,CARD.DRAIN_POWER,Drain Power
1780138064,12,CARD.INVOKE,Invoke
1780138064,13,CARD.AFTERLIFE,Afterlife
1780138064,14,CARD.GRAVE_WARDEN,Grave Warden
1780138064,15,CARD.REANIMATE,Reanimate
1780138064,16,CARD.INVOKE,Invoke
1780138064,17,CARD.FLATTEN,Flatten
1780138064,18,CARD.SENTRY_MODE,Sentry Mode
1780138064,19,CARD.VEILPIERCER,Veilpiercer
1780138064,20,CARD.DEVOUR_LIFE,Devour Life
1780138064,21,CARD.POKE,Poke
1780138064,22,CARD.REAVE,Reave
1780138064,23,CARD.DEFY,Defy
1780138064,24,CARD.VEILPIERCER,Veilpiercer
1780138064,25,CARD.PULL_AGGRO,Pull Aggro
1780138064,26,CARD.SNAP,Snap
1780138064,27,CARD.METAMORPHOSIS,Metamorphosis
1780138064,28,CARD.DREDGE,Dredge
1780138064,29,CARD.ENFEEBLING_TOUCH,Enfeebling Touch
1780138064,30,CARD.NEUROSURGE,Neurosurge
1780138064,31,CARD.FEAR,Fear
1780138064,32,CARD.CAPTURE_SPIRIT,Capture Spirit
1780138064,33,CARD.REAVE,Reave
1780138064,34,CARD.PAGESTORM,Pagestorm
1780138064,35,CARD.BANSHEES_CRY,Banshees Cry
1780138064,36,CARD.DEFY,Defy
1780138064,37,CARD.PUTREFY,Putrefy
1780138064,38,CARD.RIGHT_HAND_HAND,Right Hand Hand
1780138064,39,CARD.CALCIFY,Calcify
1780097816,1,CARD.STRIKE_NECROBINDER,Strike Necrobinder
1780097816,2,CARD.STRIKE_NECROBINDER,Strike Necrobinder
1780097816,3,CARD.DEFEND_NECROBINDER,Defend Necrobinder
1780097816,4,CARD.DEFEND_NECROBINDER,Defend Necrobinder
1780097816,5,CARD.DEFEND_NECROBINDER,Defend Necrobinder
1780097816,6,CARD.BODYGUARD,Bodyguard
1780097816,7,CARD.UNLEASH,Unleash
1780097816,8,CARD.FLATTEN,Flatten
1780097816,9,CARD.POKE,Poke
1780097816,10,CARD.FEAR,Fear
1780097816,11,CARD.VEILPIERCER,Veilpiercer
1780097816,12,CARD.GRAVE_WARDEN,Grave Warden
1780097816,13,CARD.GRAVE_WARDEN,Grave Warden
1780097816,14,CARD.HIGH_FIVE,High Five
1780097816,15,CARD.LETHALITY,Lethality
1780097816,16,CARD.LETHALITY,Lethality
1780097816,17,CARD.REAVE,Reave
1780097816,18,CARD.GLIMPSE_BEYOND,Glimpse Beyond
1780097816,19,CARD.CAPTURE_SPIRIT,Capture Spirit
1780097816,20,CARD.ENFEEBLING_TOUCH,Enfeebling Touch
1780097816,21,CARD.AFTERLIFE,Afterlife
1780097816,22,CARD.SIC_EM,Sic Em
1780097816,23,CARD.DEFILE,Defile
1780097816,24,CARD.EXTERMINATE,Exterminate
1780097816,25,CARD.WISP,Wisp
1780097816,26,CARD.GRAVE_WARDEN,Grave Warden
1780097816,27,CARD.GRAVE_WARDEN,Grave Warden
1780097816,28,CARD.FEAR,Fear
1780097816,29,CARD.MAYHEM,Mayhem
1780097816,30,CARD.NECRO_MASTERY,Necro Mastery
1780097816,31,CARD.REAP,Reap
1780097816,32,CARD.SENTRY_MODE,Sentry Mode
1780097816,33,CARD.WISP,Wisp
1780097816,34,CARD.HAUNT,Haunt
1780097816,35,CARD.RATTLE,Rattle
1780097816,36,CARD.WISP,Wisp
1780097816,37,CARD.SQUEEZE,Squeeze
1780097816,38,CARD.PULL_FROM_BELOW,Pull From Below
1780097816,39,CARD.SCULPTING_STRIKE,Sculpting Strike
1780097816,40,CARD.INVOKE,Invoke
1780097816,41,CARD.INVOKE,Invoke
1780097816,42,CARD.CALL_OF_THE_VOID,Call Of The Void
1780093606,1,CARD.STRIKE_NECROBINDER,Strike Necrobinder
1780093606,2,CARD.STRIKE_NECROBINDER,Strike Necrobinder
1780093606,3,CARD.STRIKE_NECROBINDER,Strike Necrobinder
1780093606,4,CARD.STRIKE_NECROBINDER,Strike Necrobinder
1780093606,5,CARD.DEFEND_NECROBINDER,Defend Necrobinder
1780093606,6,CARD.DEFEND_NECROBINDER,Defend Necrobinder
1780093606,7,CARD.DEFEND_NECROBINDER,Defend Necrobinder
1780093606,8,CARD.DEFEND_NECROBINDER,Defend Necrobinder
1780093606,9,CARD.BODYGUARD,Bodyguard
1780093606,10,CARD.UNLEASH,Unleash
1780093606,11,CARD.DEFILE,Defile
1780093606,12,CARD.NEGATIVE_PULSE,Negative Pulse
1780093606,13,CARD.DEFY,Defy
1780093606,14,CARD.INVOKE,Invoke
1780093606,15,CARD.DIRGE,Dirge
1780093606,16,CARD.END_OF_DAYS,End Of Days
1780093606,17,CARD.BLIGHT_STRIKE,Blight Strike
1780093606,18,CARD.VEILPIERCER,Veilpiercer
1780093606,19,CARD.DEATHS_DOOR,Deaths Door
1780093606,20,CARD.WISP,Wisp
1780093606,21,CARD.SEANCE,Seance
1780093606,22,CARD.SHROUD,Shroud
1780093606,23,CARD.CALCIFY,Calcify
1780093606,24,CARD.FEAR,Fear
1780093606,25,CARD.RIGHT_HAND_HAND,Right Hand Hand
1780093606,26,CARD.BURY,Bury
1780093606,27,CARD.PRODUCTION,Production
1780093606,28,CARD.ENFEEBLING_TOUCH,Enfeebling Touch
1780093606,29,CARD.MELANCHOLY,Melancholy
1780089985,1,CARD.STRIKE_NECROBINDER,Strike Necrobinder
1780089985,2,CARD.STRIKE_NECROBINDER,Strike Necrobinder
1780089985,3,CARD.STRIKE_NECROBINDER,Strike Necrobinder
1780089985,4,CARD.STRIKE_NECROBINDER,Strike Necrobinder
1780089985,5,CARD.DEFEND_NECROBINDER,Defend Necrobinder
1780089985,6,CARD.DEFEND_NECROBINDER,Defend Necrobinder
1780089985,7,CARD.DEFEND_NECROBINDER,Defend Necrobinder
1780089985,8,CARD.DEFEND_NECROBINDER,Defend Necrobinder
1780089985,9,CARD.BODYGUARD,Bodyguard
1780089985,10,CARD.UNLEASH,Unleash
1780089985,11,CARD.OBLIVION,Oblivion
1780089985,12,CARD.SHROUD,Shroud
1780089985,13,CARD.SCOURGE,Scourge
1780089985,14,CARD.WISP,Wisp
1780089985,15,CARD.LEGION_OF_BONE,Legion Of Bone
1780089985,16,CARD.FETCH,Fetch
1780089985,17,CARD.DREDGE,Dredge
1780089985,18,CARD.SCOURGE,Scourge
1780089985,19,CARD.HIGH_FIVE,High Five
1780089985,20,CARD.NEGATIVE_PULSE,Negative Pulse
1780089985,21,CARD.NEUROSURGE,Neurosurge
1780089985,22,CARD.COUNTDOWN,Countdown
1780089985,23,CARD.REAVE,Reave
1780089985,24,CARD.FRIENDSHIP,Friendship
1780089985,25,CARD.SLEIGHT_OF_FLESH,Sleight Of Flesh
1780089985,26,CARD.COUNTDOWN,Countdown
1780084060,1,CARD.STRIKE_NECROBINDER,Strike Necrobinder
1780084060,2,CARD.STRIKE_NECROBINDER,Strike Necrobinder
1780084060,3,CARD.STRIKE_NECROBINDER,Strike Necrobinder
1780084060,4,CARD.DEFEND_NECROBINDER,Defend Necrobinder
1780084060,5,CARD.DEFEND_NECROBINDER,Defend Necrobinder
1780084060,6,CARD.DEFEND_NECROBINDER,Defend Necrobinder
1780084060,7,CARD.DEFEND_NECROBINDER,Defend Necrobinder
1780084060,8,CARD.BODYGUARD,Bodyguard
1780084060,9,CARD.UNLEASH,Unleash
1780084060,10,CARD.SQUEEZE,Squeeze
1780084060,11,CARD.AFTERLIFE,Afterlife
1780084060,12,CARD.INVOKE,Invoke
1780084060,13,CARD.DELAY,Delay
1780084060,14,CARD.DEFY,Defy
1780084060,15,CARD.SENTRY_MODE,Sentry Mode
1780084060,16,CARD.SIC_EM,Sic Em
1780084060,17,CARD.SPIRIT_OF_ASH,Spirit Of Ash
1780084060,18,CARD.WISP,Wisp
1780084060,19,CARD.PULL_AGGRO,Pull Aggro
1780084060,20,CARD.DEVOUR_LIFE,Devour Life
1780084060,21,CARD.CALCIFY,Calcify
1780084060,22,CARD.SNAP,Snap
1780084060,23,CARD.GRAVE_WARDEN,Grave Warden
1780084060,24,CARD.POKE,Poke
1780084060,25,CARD.SEVERANCE,Severance
1780084060,26,CARD.GRAVE_WARDEN,Grave Warden
1780084060,27,CARD.CAPTURE_SPIRIT,Capture Spirit
1780084060,28,CARD.SQUEEZE,Squeeze
1780084060,29,CARD.DEFILE,Defile
1780084060,30,CARD.NECRO_MASTERY,Necro Mastery
1780084060,31,CARD.WISP,Wisp
1780084060,32,CARD.BONE_SHARDS,Bone Shards
1780084060,33,CARD.DRAIN_POWER,Drain Power
1780084060,34,CARD.DIRGE,Dirge
1780084060,35,CARD.NO_ESCAPE,No Escape
1780084060,36,CARD.HAUNT,Haunt
1780084060,37,CARD.MIND_BLAST,Mind Blast
1780084060,38,CARD.WISP,Wisp
1780084060,39,CARD.FETCH,Fetch
1780084060,40,CARD.REAP,Reap
1780084060,41,CARD.AFTERLIFE,Afterlife
1780084060,42,CARD.GRAVE_WARDEN,Grave Warden
1780084060,43,CARD.CALCIFY,Calcify
1780084060,44,CARD.VOLLEY,Volley
1780084060,45,CARD.MAYHEM,Mayhem
1780084060,46,CARD.UNDEATH,Undeath
1780084060,47,CARD.CAPTURE_SPIRIT,Capture Spirit
1780084060,48,CARD.GRAVEBLAST,Graveblast
1780084060,49,CARD.INVOKE,Invoke
1780084060,50,CARD.SCOURGE,Scourge
1780084060,51,CARD.DANSE_MACABRE,Danse Macabre
1780084060,52,CARD.PANIC_BUTTON,Panic Button
1780084060,53,CARD.HAND_OF_GREED,Hand Of Greed
1780084060,54,CARD.ERADICATE,Eradicate
1780084060,55,CARD.SPUR,Spur
1780009910,1,CARD.STRIKE_NECROBINDER,Strike Necrobinder
1780009910,2,CARD.STRIKE_NECROBINDER,Strike Necrobinder
1780009910,3,CARD.DEFEND_NECROBINDER,Defend Necrobinder
1780009910,4,CARD.DEFEND_NECROBINDER,Defend Necrobinder
1780009910,5,CARD.DEFEND_NECROBINDER,Defend Necrobinder
1780009910,6,CARD.DEFEND_NECROBINDER,Defend Necrobinder
1780009910,7,CARD.BODYGUARD,Bodyguard
1780009910,8,CARD.UNLEASH,Unleash
1780009910,9,CARD.ENFEEBLING_TOUCH,Enfeebling Touch
1780009910,10,CARD.SCOURGE,Scourge
1780009910,11,CARD.SOW,Sow
1780009910,12,CARD.REAVE,Reave
1780009910,13,CARD.MELANCHOLY,Melancholy
1780009910,14,CARD.SPOILS_MAP,Spoils Map
1780009910,15,CARD.SHOCKWAVE,Shockwave
1780009910,16,CARD.PARSE,Parse
1780009910,17,CARD.GRAVE_WARDEN,Grave Warden
1780009910,18,CARD.TRANSFIGURE,Transfigure
1780009910,19,CARD.SCOURGE,Scourge
1780009910,20,CARD.NEUROSURGE,Neurosurge
1780009910,21,CARD.POKE,Poke
1780009910,22,CARD.INVOKE,Invoke
1780009910,23,CARD.MELANCHOLY,Melancholy
1780009910,24,CARD.DEMESNE,Demesne
1780009910,25,CARD.BONE_SHARDS,Bone Shards
1780009910,26,CARD.REAVE,Reave
1780009910,27,CARD.WISP,Wisp
1780009910,28,CARD.REAP,Reap
1779839177,1,CARD.STRIKE_NECROBINDER,Strike Necrobinder
1779839177,2,CARD.STRIKE_NECROBINDER,Strike Necrobinder
1779839177,3,CARD.STRIKE_NECROBINDER,Strike Necrobinder
1779839177,4,CARD.DEFEND_NECROBINDER,Defend Necrobinder
1779839177,5,CARD.DEFEND_NECROBINDER,Defend Necrobinder
1779839177,6,CARD.DEFEND_NECROBINDER,Defend Necrobinder
1779839177,7,CARD.DEFEND_NECROBINDER,Defend Necrobinder
1779839177,8,CARD.BODYGUARD,Bodyguard
1779839177,9,CARD.UNLEASH,Unleash
1779839177,10,CARD.SOW,Sow
1779839177,11,CARD.BLIGHT_STRIKE,Blight Strike
1779839177,12,CARD.INVOKE,Invoke
1779839177,13,CARD.DEATHBRINGER,Deathbringer
1779839177,14,CARD.LETHALITY,Lethality
1779839177,15,CARD.FEAR,Fear
1779839177,16,CARD.DEFY,Defy
1779839177,17,CARD.MISERY,Misery
1779839177,18,CARD.DEFILE,Defile
1779839177,19,CARD.NEGATIVE_PULSE,Negative Pulse
1779839177,20,CARD.SLEIGHT_OF_FLESH,Sleight Of Flesh
1779839177,21,CARD.WISP,Wisp
1779839177,22,CARD.SECRET_TECHNIQUE,Secret Technique
1779839177,23,CARD.BORROWED_TIME,Borrowed Time
1779839177,24,CARD.UNDEATH,Undeath
1779839177,25,CARD.GRAVE_WARDEN,Grave Warden
1779839177,26,CARD.NEGATIVE_PULSE,Negative Pulse
1779839177,27,CARD.SEVERANCE,Severance
1779839177,28,CARD.WISP,Wisp
1779836830,1,CARD.STRIKE_NECROBINDER,Strike Necrobinder
1779836830,2,CARD.STRIKE_NECROBINDER,Strike Necrobinder
1779836830,3,CARD.STRIKE_NECROBINDER,Strike Necrobinder
1779836830,4,CARD.STRIKE_NECROBINDER,Strike Necrobinder
1779836830,5,CARD.DEFEND_NECROBINDER,Defend Necrobinder
1779836830,6,CARD.DEFEND_NECROBINDER,Defend Necrobinder
1779836830,7,CARD.DEFEND_NECROBINDER,Defend Necrobinder
1779836830,8,CARD.DEFEND_NECROBINDER,Defend Necrobinder
1779836830,9,CARD.BODYGUARD,Bodyguard
1779836830,10,CARD.UNLEASH,Unleash
1779836830,11,CARD.NEUROSURGE,Neurosurge
1779836830,12,CARD.BLIGHT_STRIKE,Blight Strike
1779836830,13,CARD.PARSE,Parse
1779836830,14,CARD.PARSE,Parse
1779836830,15,CARD.HAUNT,Haunt
1779836830,16,CARD.DEATHS_DOOR,Deaths Door
1779836830,17,CARD.GRAVEBLAST,Graveblast
1779836830,18,CARD.SNAP,Snap
1779836830,19,CARD.NEUROSURGE,Neurosurge
1779836830,20,CARD.SLEIGHT_OF_FLESH,Sleight Of Flesh
1779836830,21,CARD.BONE_SHARDS,Bone Shards
1779836830,22,CARD.SPOILS_MAP,Spoils Map
1779836810,1,CARD.STRIKE_SILENT,Strike Silent
1779836810,2,CARD.STRIKE_SILENT,Strike Silent
1779836810,3,CARD.STRIKE_SILENT,Strike Silent
1779836810,4,CARD.STRIKE_SILENT,Strike Silent
1779836810,5,CARD.STRIKE_SILENT,Strike Silent
1779836810,6,CARD.DEFEND_SILENT,Defend Silent
1779836810,7,CARD.DEFEND_SILENT,Defend Silent
1779836810,8,CARD.DEFEND_SILENT,Defend Silent
1779836810,9,CARD.DEFEND_SILENT,Defend Silent
1779836810,10,CARD.DEFEND_SILENT,Defend Silent
1779836810,11,CARD.NEUTRALIZE,Neutralize
1779836810,12,CARD.SURVIVOR,Survivor
1779728092,1,CARD.STRIKE_NECROBINDER,Strike Necrobinder
1779728092,2,CARD.STRIKE_NECROBINDER,Strike Necrobinder
1779728092,3,CARD.STRIKE_NECROBINDER,Strike Necrobinder
1779728092,4,CARD.STRIKE_NECROBINDER,Strike Necrobinder
1779728092,5,CARD.DEFEND_NECROBINDER,Defend Necrobinder
1779728092,6,CARD.DEFEND_NECROBINDER,Defend Necrobinder
1779728092,7,CARD.DEFEND_NECROBINDER,Defend Necrobinder
1779728092,8,CARD.DEFEND_NECROBINDER,Defend Necrobinder
1779728092,9,CARD.BODYGUARD,Bodyguard
1779728092,10,CARD.FRIENDSHIP,Friendship
1779728092,11,CARD.SPUR,Spur
1779728092,12,CARD.SEVERANCE,Severance
1779728092,13,CARD.RIGHT_HAND_HAND,Right Hand Hand
1779728092,14,CARD.BURY,Bury
1779728092,15,CARD.PARSE,Parse
1779728092,16,CARD.REANIMATE,Reanimate
1779728092,17,CARD.NEGATIVE_PULSE,Negative Pulse
1779728092,18,CARD.DEFY,Defy
1779728092,19,CARD.TRANSFIGURE,Transfigure
1779728092,20,CARD.PROTECTOR,Protector
1779728092,21,CARD.GRAVE_WARDEN,Grave Warden
1779728092,22,CARD.FRIENDSHIP,Friendship
1779728092,23,CARD.LETHALITY,Lethality
1779728092,24,CARD.DARK_SHACKLES,Dark Shackles
1779728092,25,CARD.ERADICATE,Eradicate
1779728092,26,CARD.SNAP,Snap
1779728092,27,CARD.RATTLE,Rattle
1779728092,28,CARD.PUTREFY,Putrefy
1779725866,1,CARD.STRIKE_NECROBINDER,Strike Necrobinder
1779725866,2,CARD.STRIKE_NECROBINDER,Strike Necrobinder
1779725866,3,CARD.STRIKE_NECROBINDER,Strike Necrobinder
1779725866,4,CARD.STRIKE_NECROBINDER,Strike Necrobinder
1779725866,5,CARD.DEFEND_NECROBINDER,Defend Necrobinder
1779725866,6,CARD.DEFEND_NECROBINDER,Defend Necrobinder
1779725866,7,CARD.DEFEND_NECROBINDER,Defend Necrobinder
1779725866,8,CARD.DEFEND_NECROBINDER,Defend Necrobinder
1779725866,9,CARD.BODYGUARD,Bodyguard
1779725866,10,CARD.UNLEASH,Unleash
1779725866,11,CARD.EIDOLON,Eidolon
1779725866,12,CARD.NEGATIVE_PULSE,Negative Pulse
1779725866,13,CARD.SPOILS_MAP,Spoils Map
1779725866,14,CARD.WISP,Wisp
1779725866,15,CARD.DEFY,Defy
1779725866,16,CARD.SCOURGE,Scourge
1779725866,17,CARD.INVOKE,Invoke
1779725866,18,CARD.DRAIN_POWER,Drain Power
1779725866,19,CARD.CAPTURE_SPIRIT,Capture Spirit
1779725866,20,CARD.INVOKE,Invoke
1779725866,21,CARD.COUNTDOWN,Countdown
1779568127,1,CARD.STRIKE_SILENT,Strike Silent
1779568127,2,CARD.STRIKE_SILENT,Strike Silent
1779568127,3,CARD.STRIKE_SILENT,Strike Silent
1779568127,4,CARD.STRIKE_SILENT,Strike Silent
1779568127,5,CARD.DEFEND_SILENT,Defend Silent
1779568127,6,CARD.DEFEND_SILENT,Defend Silent
1779568127,7,CARD.DEFEND_SILENT,Defend Silent
1779568127,8,CARD.DEFEND_SILENT,Defend Silent
1779568127,9,CARD.DEFEND_SILENT,Defend Silent
1779568127,10,CARD.NEUTRALIZE,Neutralize
1779568127,11,CARD.SURVIVOR,Survivor
1779568127,12,CARD.GRAND_FINALE,Grand Finale
1779568127,13,CARD.NEOWS_FURY,Neows Fury
1779568127,14,CARD.FINISHER,Finisher
1779568127,15,CARD.WELL_LAID_PLANS,Well Laid Plans
1779568127,16,CARD.PREPARED,Prepared
1779568127,17,CARD.CALCULATED_GAMBLE,Calculated Gamble
1779568127,18,CARD.BLADE_DANCE,Blade Dance
1779568127,19,CARD.BLADE_DANCE,Blade Dance
1779568127,20,CARD.PREPARED,Prepared
1779568127,21,CARD.RICOCHET,Ricochet
1779568127,22,CARD.BULLET_TIME,Bullet Time
1779568127,23,CARD.LEADING_STRIKE,Leading Strike
1779568127,24,CARD.FINISHER,Finisher
1779568127,25,CARD.SPEEDSTER,Speedster
1779568127,26,CARD.FAN_OF_KNIVES,Fan Of Knives
1779568127,27,CARD.SUCKER_PUNCH,Sucker Punch
1779568127,28,CARD.SPEEDSTER,Speedster
1779568127,29,CARD.FLICK_FLACK,Flick Flack
1779568127,30,CARD.STRANGLE,Strangle
1779568127,31,CARD.CLOAK_AND_DAGGER,Cloak And Dagger
1779568127,32,CARD.BACKSTAB,Backstab
1779568127,33,CARD.SUCKER_PUNCH,Sucker Punch
1779568127,34,CARD.SHADOWMELD,Shadowmeld
1779568127,35,CARD.PRODUCTION,Production
1779568127,36,CARD.UNTOUCHABLE,Untouchable
1779568127,37,CARD.SERPENT_FORM,Serpent Form
1779568127,38,CARD.CLOAK_AND_DAGGER,Cloak And Dagger
1779568127,39,CARD.STRANGLE,Strangle
1779568127,40,CARD.UP_MY_SLEEVE,Up My Sleeve
1779568127,41,CARD.UP_MY_SLEEVE,Up My Sleeve
1779568127,42,CARD.SERPENT_FORM,Serpent Form
1779568127,43,CARD.DEFLECT,Deflect
1779568127,44,CARD.REFLEX,Reflex
1779568127,45,CARD.CLUMSY,Clumsy
1779568127,46,CARD.EXPERTISE,Expertise
1779536512,1,CARD.STRIKE_REGENT,Strike Regent
1779536512,2,CARD.STRIKE_REGENT,Strike Regent
1779536512,3,CARD.DEFEND_REGENT,Defend Regent
1779536512,4,CARD.DEFEND_REGENT,Defend Regent
1779536512,5,CARD.DEFEND_REGENT,Defend Regent
1779536512,6,CARD.FALLING_STAR,Falling Star
1779536512,7,CARD.VENERATE,Venerate
1779536512,8,CARD.HEIRLOOM_HAMMER,Heirloom Hammer
1779536512,9,CARD.BUNDLE_OF_JOY,Bundle Of Joy
1779536512,10,CARD.CLOAK_OF_STARS,Cloak Of Stars
1779536512,11,CARD.GLOW,Glow
1779536512,12,CARD.GLITTERSTREAM,Glitterstream
1779536512,13,CARD.RADIATE,Radiate
1779536512,14,CARD.BIG_BANG,Big Bang
1779536512,15,CARD.BIG_BANG,Big Bang
1779536512,16,CARD.GAMMA_BLAST,Gamma Blast
1779536512,17,CARD.ALIGNMENT,Alignment
1779536512,18,CARD.CRUSH_UNDER,Crush Under
1779536512,19,CARD.THE_SMITH,The Smith
1779536512,20,CARD.BLACK_HOLE,Black Hole
1779536512,21,CARD.COSMIC_INDIFFERENCE,Cosmic Indifference
1779536512,22,CARD.SHINING_STRIKE,Shining Strike
1779536512,23,CARD.BOMBARDMENT,Bombardment
1779536512,24,CARD.GATHER_LIGHT,Gather Light
1779536512,25,CARD.REFLECT,Reflect
1779536512,26,CARD.BIG_BANG,Big Bang
1779536512,27,CARD.PALE_BLUE_DOT,Pale Blue Dot
1779536512,28,CARD.BIG_BANG,Big Bang
1779536512,29,CARD.BIG_BANG,Big Bang
1779536512,30,CARD.HIDDEN_CACHE,Hidden Cache
1779536512,31,CARD.GLOW,Glow
1779536512,32,CARD.NEUTRON_AEGIS,Neutron Aegis
1779536512,33,CARD.BIG_BANG,Big Bang
1779536512,34,CARD.BIG_BANG,Big Bang
1779536512,35,CARD.BIG_BANG,Big Bang
1779536512,36,CARD.BIG_BANG,Big Bang
1779536512,37,CARD.DYING_STAR,Dying Star
1779536512,38,CARD.APOTHEOSIS,Apotheosis
1779536512,39,CARD.REFINE_BLADE,Refine Blade
1779536512,40,CARD.CLUMSY,Clumsy
1779536512,41,CARD.GLOW,Glow
1779536512,42,CARD.PARTICLE_WALL,Particle Wall
1779536512,43,CARD.BIG_BANG,Big Bang
1779536512,44,CARD.BIG_BANG,Big Bang
1779536512,45,CARD.BIG_BANG,Big Bang
1779536512,46,CARD.BIG_BANG,Big Bang
1779536512,47,CARD.BIG_BANG,Big Bang
1779536512,48,CARD.BIG_BANG,Big Bang
1779536512,49,CARD.BIG_BANG,Big Bang
1779536512,50,CARD.BIG_BANG,Big Bang
1779536512,51,CARD.BIG_BANG,Big Bang
1779536512,52,CARD.BIG_BANG,Big Bang
1779536512,53,CARD.BIG_BANG,Big Bang
1779536512,54,CARD.BIG_BANG,Big Bang
1779536512,55,CARD.BIG_BANG,Big Bang
1779536512,56,CARD.BIG_BANG,Big Bang
1779536512,57,CARD.BIG_BANG,Big Bang
1779536512,58,CARD.BIG_BANG,Big Bang
1779536512,59,CARD.BIG_BANG,Big Bang
1779536512,60,CARD.BIG_BANG,Big Bang
1779536512,61,CARD.BIG_BANG,Big Bang
1779536512,62,CARD.BIG_BANG,Big Bang
1779536512,63,CARD.BIG_BANG,Big Bang
1779536512,64,CARD.BIG_BANG,Big Bang
1779536512,65,CARD.BIG_BANG,Big Bang
1779536512,66,CARD.BIG_BANG,Big Bang
1779536512,67,CARD.MAKE_IT_SO,Make It So
1779536512,68,CARD.BIG_BANG,Big Bang
1779536512,69,CARD.BIG_BANG,Big Bang
1779536512,70,CARD.BIG_BANG,Big Bang
1779536512,71,CARD.BIG_BANG,Big Bang
1779536512,72,CARD.BIG_BANG,Big Bang
1779536512,73,CARD.BIG_BANG,Big Bang
1779536512,74,CARD.BIG_BANG,Big Bang
1779536512,75,CARD.BIG_BANG,Big Bang
1779536512,76,CARD.BIG_BANG,Big Bang
1779536512,77,CARD.BIG_BANG,Big Bang
1779536512,78,CARD.BIG_BANG,Big Bang
1779536512,79,CARD.BIG_BANG,Big Bang
1779536512,80,CARD.BIG_BANG,Big Bang
1779536512,81,CARD.BIG_BANG,Big Bang
1779536512,82,CARD.BIG_BANG,Big Bang
1779536512,83,CARD.BIG_BANG,Big Bang
1779536512,84,CARD.BIG_BANG,Big Bang
1779536512,85,CARD.BIG_BANG,Big Bang
1779536512,86,CARD.BIG_BANG,Big Bang
1779536512,87,CARD.BIG_BANG,Big Bang
1779536512,88,CARD.BIG_BANG,Big Bang
1779536512,89,CARD.BIG_BANG,Big Bang
1779536512,90,CARD.BIG_BANG,Big Bang
1779536512,91,CARD.BIG_BANG,Big Bang
1779536512,92,CARD.BIG_BANG,Big Bang
1779536512,93,CARD.BIG_BANG,Big Bang
1779536512,94,CARD.BIG_BANG,Big Bang
1779536512,95,CARD.BIG_BANG,Big Bang
1779536512,96,CARD.BIG_BANG,Big Bang
1779536512,97,CARD.BIG_BANG,Big Bang
1779536512,98,CARD.BIG_BANG,Big Bang
1779536512,99,CARD.BIG_BANG,Big Bang
1779536512,100,CARD.GLOW,Glow
1779536512,101,CARD.BULWARK,Bulwark
1779536512,102,CARD.BIG_BANG,Big Bang
1779536512,103,CARD.BIG_BANG,Big Bang
1779536512,104,CARD.BIG_BANG,Big Bang
1779536512,105,CARD.BIG_BANG,Big Bang
1779536512,106,CARD.BIG_BANG,Big Bang
1779536512,107,CARD.BIG_BANG,Big Bang
1779536512,108,CARD.BIG_BANG,Big Bang
1779536512,109,CARD.BIG_BANG,Big Bang
1779536512,110,CARD.BIG_BANG,Big Bang
1779536512,111,CARD.BIG_BANG,Big Bang
1779536512,112,CARD.BIG_BANG,Big Bang
1779536512,113,CARD.BIG_BANG,Big Bang
1779536512,114,CARD.BIG_BANG,Big Bang
1779536512,115,CARD.BIG_BANG,Big Bang
1779536512,116,CARD.BIG_BANG,Big Bang
1779536512,117,CARD.BIG_BANG,Big Bang
1779536512,118,CARD.BIG_BANG,Big Bang
1779536512,119,CARD.BIG_BANG,Big Bang
1779536512,120,CARD.BIG_BANG,Big Bang
1779536512,121,CARD.BIG_BANG,Big Bang
1779536512,122,CARD.BIG_BANG,Big Bang
1779536512,123,CARD.BIG_BANG,Big Bang
1779536512,124,CARD.BIG_BANG,Big Bang
1779536512,125,CARD.BIG_BANG,Big Bang
1779536512,126,CARD.BIG_BANG,Big Bang
1779536512,127,CARD.BIG_BANG,Big Bang
1779536512,128,CARD.BIG_BANG,Big Bang
1779536512,129,CARD.BIG_BANG,Big Bang
1779536512,130,CARD.BIG_BANG,Big Bang
1779536512,131,CARD.BIG_BANG,Big Bang
1779536512,132,CARD.BIG_BANG,Big Bang
1779536512,133,CARD.BIG_BANG,Big Bang
1779536512,134,CARD.BIG_BANG,Big Bang
1779536512,135,CARD.BIG_BANG,Big Bang
1779536512,136,CARD.BIG_BANG,Big Bang
1779536512,137,CARD.BIG_BANG,Big Bang
1779536512,138,CARD.BIG_BANG,Big Bang
1779536512,139,CARD.BIG_BANG,Big Bang
1779536512,140,CARD.BIG_BANG,Big Bang
1779536512,141,CARD.BIG_BANG,Big Bang
1779536512,142,CARD.BIG_BANG,Big Bang
1779536512,143,CARD.BIG_BANG,Big Bang
1779536512,144,CARD.BIG_BANG,Big Bang
1779536512,145,CARD.BIG_BANG,Big Bang
1779536512,146,CARD.BIG_BANG,Big Bang
1779536512,147,CARD.BIG_BANG,Big Bang
1779536512,148,CARD.BIG_BANG,Big Bang
1779536512,149,CARD.BIG_BANG,Big Bang
1779536512,150,CARD.BIG_BANG,Big Bang
1779536512,151,CARD.BIG_BANG,Big Bang
1779536512,152,CARD.BIG_BANG,Big Bang
1779536512,153,CARD.BIG_BANG,Big Bang
1779536512,154,CARD.BIG_BANG,Big Bang
1779536512,155,CARD.BIG_BANG,Big Bang
1779536512,156,CARD.BIG_BANG,Big Bang
1779536512,157,CARD.BIG_BANG,Big Bang
1779536512,158,CARD.BIG_BANG,Big Bang
1779536512,159,CARD.BIG_BANG,Big Bang
1779536512,160,CARD.BIG_BANG,Big Bang
1779536512,161,CARD.BIG_BANG,Big Bang
1779536512,162,CARD.BIG_BANG,Big Bang
1779536512,163,CARD.BIG_BANG,Big Bang
1779536512,164,CARD.BIG_BANG,Big Bang
1779536512,165,CARD.BIG_BANG,Big Bang
1779485510,1,CARD.STRIKE_DEFECT,Strike Defect
1779485510,2,CARD.STRIKE_DEFECT,Strike Defect
1779485510,3,CARD.STRIKE_DEFECT,Strike Defect
1779485510,4,CARD.STRIKE_DEFECT,Strike Defect
1779485510,5,CARD.DEFEND_DEFECT,Defend Defect
1779485510,6,CARD.DEFEND_DEFECT,Defend Defect
1779485510,7,CARD.DEFEND_DEFECT,Defend Defect
1779485510,8,CARD.DEFEND_DEFECT,Defend Defect
1779485510,9,CARD.ZAP,Zap
1779485510,10,CARD.DUALCAST,Dualcast
1779485510,11,CARD.NULL,Null
1779485510,12,CARD.BALL_LIGHTNING,Ball Lightning
1779485510,13,CARD.BEAM_CELL,Beam Cell
1779485510,14,CARD.DOUBLE_ENERGY,Double Energy
1779485510,15,CARD.ECHO_FORM,Echo Form
1779485510,16,CARD.CHAOS,Chaos
1779485510,17,CARD.DEFRAGMENT,Defragment
1779485510,18,CARD.LIGHTNING_ROD,Lightning Rod
1779485510,19,CARD.SHADOW_SHIELD,Shadow Shield
1779485510,20,CARD.MODDED,Modded
1779485510,21,CARD.SYNTHESIS,Synthesis
1779289315,1,CARD.STRIKE_DEFECT,Strike Defect
1779289315,2,CARD.STRIKE_DEFECT,Strike Defect
1779289315,3,CARD.STRIKE_DEFECT,Strike Defect
1779289315,4,CARD.DEFEND_DEFECT,Defend Defect
1779289315,5,CARD.DEFEND_DEFECT,Defend Defect
1779289315,6,CARD.DEFEND_DEFECT,Defend Defect
1779289315,7,CARD.DEFEND_DEFECT,Defend Defect
1779289315,8,CARD.ZAP,Zap
1779289315,9,CARD.DUALCAST,Dualcast
1779289315,10,CARD.SHATTER,Shatter
1779289315,11,CARD.CHARGE_BATTERY,Charge Battery
1779289315,12,CARD.SHADOW_SHIELD,Shadow Shield
1779289315,13,CARD.CLAW,Claw
1779289315,14,CARD.DARKNESS,Darkness
1779289315,15,CARD.BEAM_CELL,Beam Cell
1779289315,16,CARD.WHITE_NOISE,White Noise
1779289315,17,CARD.CHARGE_BATTERY,Charge Battery
1779289315,18,CARD.ADAPTIVE_STRIKE,Adaptive Strike
1779289315,19,CARD.THUNDER,Thunder
1779289315,20,CARD.BALL_LIGHTNING,Ball Lightning
1779289315,21,CARD.EXTERMINATE,Exterminate
1779289315,22,CARD.CHARGE_BATTERY,Charge Battery
1779289315,23,CARD.MULTI_CAST,Multi Cast
1779289315,24,CARD.BOLAS,Bolas
1779289315,25,CARD.CLUMSY,Clumsy
1779289315,26,CARD.MODDED,Modded
1779289315,27,CARD.BEAM_CELL,Beam Cell
1779289315,28,CARD.SWEEPING_BEAM,Sweeping Beam
1779027840,1,CARD.STRIKE_NECROBINDER,Strike Necrobinder
1779027840,2,CARD.STRIKE_NECROBINDER,Strike Necrobinder
1779027840,3,CARD.DEFEND_NECROBINDER,Defend Necrobinder
1779027840,4,CARD.DEFEND_NECROBINDER,Defend Necrobinder
1779027840,5,CARD.DEFEND_NECROBINDER,Defend Necrobinder
1779027840,6,CARD.DEFEND_NECROBINDER,Defend Necrobinder
1779027840,7,CARD.BODYGUARD,Bodyguard
1779027840,8,CARD.UNLEASH,Unleash
1779027840,9,CARD.FLATTEN,Flatten
1779027840,10,CARD.DEFY,Defy
1779027840,11,CARD.SHROUD,Shroud
1779027840,12,CARD.DRAIN_POWER,Drain Power
1779027840,13,CARD.NEGATIVE_PULSE,Negative Pulse
1779027840,14,CARD.NO_ESCAPE,No Escape
1779027840,15,CARD.GRAVE_WARDEN,Grave Warden
1779027840,16,CARD.POKE,Poke
1779027840,17,CARD.WISP,Wisp
1779027840,18,CARD.DEMESNE,Demesne
1779027840,19,CARD.COUNTDOWN,Countdown
1779027840,20,CARD.NEGATIVE_PULSE,Negative Pulse
1779027840,21,CARD.THE_SCYTHE,The Scythe
1779027840,22,CARD.DELAY,Delay
1779027840,23,CARD.BLIGHT_STRIKE,Blight Strike
1779027840,24,CARD.COUNTDOWN,Countdown
1779027840,25,CARD.PROLONG,Prolong
1779027840,26,CARD.NEGATIVE_PULSE,Negative Pulse
1779027840,27,CARD.SCOURGE,Scourge
1779027840,28,CARD.SCOURGE,Scourge
1779027840,29,CARD.COUNTDOWN,Countdown
1779027840,30,CARD.HANG,Hang
1779027840,31,CARD.MISERY,Misery
1779027840,32,CARD.CLUMSY,Clumsy
1779027840,33,CARD.NEGATIVE_PULSE,Negative Pulse
1779027840,34,CARD.DELAY,Delay
1779027840,35,CARD.DEFY,Defy
1779027840,36,CARD.WISP,Wisp
1778959792,1,CARD.STRIKE_NECROBINDER,Strike Necrobinder
1778959792,2,CARD.STRIKE_NECROBINDER,Strike Necrobinder
1778959792,3,CARD.STRIKE_NECROBINDER,Strike Necrobinder
1778959792,4,CARD.STRIKE_NECROBINDER,Strike Necrobinder
1778959792,5,CARD.DEFEND_NECROBINDER,Defend Necrobinder
1778959792,6,CARD.DEFEND_NECROBINDER,Defend Necrobinder
1778959792,7,CARD.DEFEND_NECROBINDER,Defend Necrobinder
1778959792,8,CARD.DEFEND_NECROBINDER,Defend Necrobinder
1778959792,9,CARD.BODYGUARD,Bodyguard
1778959792,10,CARD.UNLEASH,Unleash
1778959792,11,CARD.FLATTEN,Flatten
1778959792,12,CARD.DEFY,Defy
1778959792,13,CARD.GRAVE_WARDEN,Grave Warden
1778959792,14,CARD.POKE,Poke
1778959792,15,CARD.DRAIN_POWER,Drain Power
1778959792,16,CARD.FETCH,Fetch
1778959792,17,CARD.SIC_EM,Sic Em
1778959792,18,CARD.MISERY,Misery
1778959792,19,CARD.REAVE,Reave
1778959792,20,CARD.NO_ESCAPE,No Escape
1778959792,21,CARD.COUNTDOWN,Countdown
1778959792,22,CARD.MISERY,Misery
1778959792,23,CARD.DEATHBRINGER,Deathbringer
1778959792,24,CARD.LETHALITY,Lethality
1778959792,25,CARD.GRAVE_WARDEN,Grave Warden
1778959792,26,CARD.NEGATIVE_PULSE,Negative Pulse
1778959792,27,CARD.NEGATIVE_PULSE,Negative Pulse
1778959792,28,CARD.FETCH,Fetch
1778959792,29,CARD.HIGH_FIVE,High Five
1778959792,30,CARD.INVOKE,Invoke
1778959792,31,CARD.BLIGHT_STRIKE,Blight Strike
1778959748,1,CARD.STRIKE_NECROBINDER,Strike Necrobinder
1778959748,2,CARD.STRIKE_NECROBINDER,Strike Necrobinder
1778959748,3,CARD.STRIKE_NECROBINDER,Strike Necrobinder
1778959748,4,CARD.STRIKE_NECROBINDER,Strike Necrobinder
1778959748,5,CARD.DEFEND_NECROBINDER,Defend Necrobinder
1778959748,6,CARD.DEFEND_NECROBINDER,Defend Necrobinder
1778959748,7,CARD.DEFEND_NECROBINDER,Defend Necrobinder
1778959748,8,CARD.DEFEND_NECROBINDER,Defend Necrobinder
1778959748,9,CARD.BODYGUARD,Bodyguard
1778959748,10,CARD.UNLEASH,Unleash
1778882821,1,CARD.STRIKE_NECROBINDER,Strike Necrobinder
1778882821,2,CARD.STRIKE_NECROBINDER,Strike Necrobinder
1778882821,3,CARD.STRIKE_NECROBINDER,Strike Necrobinder
1778882821,4,CARD.STRIKE_NECROBINDER,Strike Necrobinder
1778882821,5,CARD.DEFEND_NECROBINDER,Defend Necrobinder
1778882821,6,CARD.DEFEND_NECROBINDER,Defend Necrobinder
1778882821,7,CARD.DEFEND_NECROBINDER,Defend Necrobinder
1778882821,8,CARD.DEFEND_NECROBINDER,Defend Necrobinder
1778882821,9,CARD.BODYGUARD,Bodyguard
1778882821,10,CARD.UNLEASH,Unleash
1778882821,11,CARD.DIRGE,Dirge
1778882821,12,CARD.FEAR,Fear
1778882821,13,CARD.FLATTEN,Flatten
1778882821,14,CARD.BLIGHT_STRIKE,Blight Strike
1778882821,15,CARD.REAPER_FORM,Reaper Form
1778882821,16,CARD.THE_SCYTHE,The Scythe
1778882821,17,CARD.SNAP,Snap
1778882821,18,CARD.SNAP,Snap
1778882821,19,CARD.NEGATIVE_PULSE,Negative Pulse
1778882821,20,CARD.DEFY,Defy
1778882821,21,CARD.NEGATIVE_PULSE,Negative Pulse
1778882616,1,CARD.STRIKE_NECROBINDER,Strike Necrobinder
1778882616,2,CARD.STRIKE_NECROBINDER,Strike Necrobinder
1778882616,3,CARD.STRIKE_NECROBINDER,Strike Necrobinder
1778882616,4,CARD.STRIKE_NECROBINDER,Strike Necrobinder
1778882616,5,CARD.DEFEND_NECROBINDER,Defend Necrobinder
1778882616,6,CARD.DEFEND_NECROBINDER,Defend Necrobinder
1778882616,7,CARD.DEFEND_NECROBINDER,Defend Necrobinder
1778882616,8,CARD.DEFEND_NECROBINDER,Defend Necrobinder
1778882616,9,CARD.BODYGUARD,Bodyguard
1778882616,10,CARD.UNLEASH,Unleash
1778882616,11,CARD.DEVOUR_LIFE,Devour Life
1778881664,1,CARD.STRIKE_NECROBINDER,Strike Necrobinder
1778881664,2,CARD.STRIKE_NECROBINDER,Strike Necrobinder
1778881664,3,CARD.DEFEND_NECROBINDER,Defend Necrobinder
1778881664,4,CARD.DEFEND_NECROBINDER,Defend Necrobinder
1778881664,5,CARD.DEFEND_NECROBINDER,Defend Necrobinder
1778881664,6,CARD.DEFEND_NECROBINDER,Defend Necrobinder
1778881664,7,CARD.BODYGUARD,Bodyguard
1778881664,8,CARD.UNLEASH,Unleash
1778881664,9,CARD.FRIENDSHIP,Friendship
1778881664,10,CARD.GRAVE_WARDEN,Grave Warden
1778881664,11,CARD.ENFEEBLING_TOUCH,Enfeebling Touch
1778881664,12,CARD.SOW,Sow
1778881664,13,CARD.REAVE,Reave
1778881664,14,CARD.NEGATIVE_PULSE,Negative Pulse
1778881664,15,CARD.DEFILE,Defile
1778881664,16,CARD.INVOKE,Invoke
1778881664,17,CARD.THE_SCYTHE,The Scythe
1778861615,1,CARD.STRIKE_NECROBINDER,Strike Necrobinder
1778861615,2,CARD.STRIKE_NECROBINDER,Strike Necrobinder
1778861615,3,CARD.STRIKE_NECROBINDER,Strike Necrobinder
1778861615,4,CARD.STRIKE_NECROBINDER,Strike Necrobinder
1778861615,5,CARD.DEFEND_NECROBINDER,Defend Necrobinder
1778861615,6,CARD.DEFEND_NECROBINDER,Defend Necrobinder
1778861615,7,CARD.DEFEND_NECROBINDER,Defend Necrobinder
1778861615,8,CARD.BODYGUARD,Bodyguard
1778861615,9,CARD.UNLEASH,Unleash
1778861615,10,CARD.SQUEEZE,Squeeze
1778861615,11,CARD.DRAIN_POWER,Drain Power
1778861615,12,CARD.FETCH,Fetch
1778861615,13,CARD.NEGATIVE_PULSE,Negative Pulse
1778861615,14,CARD.DEFY,Defy
1778861615,15,CARD.CAPTURE_SPIRIT,Capture Spirit
1778861615,16,CARD.GRAVE_WARDEN,Grave Warden
1778861615,17,CARD.FLATTEN,Flatten
1778861615,18,CARD.DEBILITATE,Debilitate
1778861615,19,CARD.GRAVE_WARDEN,Grave Warden
1778861615,20,CARD.DEATH_MARCH,Death March
1778861615,21,CARD.POKE,Poke
1778861615,22,CARD.SOUL_STORM,Soul Storm
1778861615,23,CARD.REAVE,Reave
1778861615,24,CARD.INVOKE,Invoke
1778861615,25,CARD.PUTREFY,Putrefy
1778861615,26,CARD.FRIENDSHIP,Friendship
1778861615,27,CARD.SEVERANCE,Severance
1778861615,28,CARD.REAVE,Reave
1778861615,29,CARD.BLIGHT_STRIKE,Blight Strike
1778861615,30,CARD.FLATTEN,Flatten
1778861615,31,CARD.SNAP,Snap
1778861615,32,CARD.SIC_EM,Sic Em
1778861615,33,CARD.FEAR,Fear
1778858329,1,CARD.STRIKE_REGENT,Strike Regent
1778858329,2,CARD.STRIKE_REGENT,Strike Regent
1778858329,3,CARD.STRIKE_REGENT,Strike Regent
1778858329,4,CARD.DEFEND_REGENT,Defend Regent
1778858329,5,CARD.DEFEND_REGENT,Defend Regent
1778858329,6,CARD.FALLING_STAR,Falling Star
1778858329,7,CARD.CRUSH_UNDER,Crush Under
1778858329,8,CARD.GLOW,Glow
1778858329,9,CARD.PHOTON_CUT,Photon Cut
1778858329,10,CARD.KNOW_THY_PLACE,Know Thy Place
1778858329,11,CARD.PECK,Peck
1778858329,12,CARD.SOLAR_STRIKE,Solar Strike
1778858329,13,CARD.BOMBARDMENT,Bombardment
1778858329,14,CARD.VOID_FORM,Void Form
1778858329,15,CARD.HIDDEN_CACHE,Hidden Cache
1778858329,16,CARD.BLACK_HOLE,Black Hole
1778858329,17,CARD.ALIGNMENT,Alignment
1778858329,18,CARD.DEFEND_REGENT,Defend Regent
1778858329,19,CARD.ALIGNMENT,Alignment
1778858329,20,CARD.GUIDING_STAR,Guiding Star
1778858329,21,CARD.COSMIC_INDIFFERENCE,Cosmic Indifference
1778156892,1,CARD.STRIKE_SILENT,Strike Silent
1778156892,2,CARD.STRIKE_SILENT,Strike Silent
1778156892,3,CARD.STRIKE_SILENT,Strike Silent
1778156892,4,CARD.STRIKE_SILENT,Strike Silent
1778156892,5,CARD.STRIKE_SILENT,Strike Silent
1778156892,6,CARD.DEFEND_SILENT,Defend Silent
1778156892,7,CARD.DEFEND_SILENT,Defend Silent
1778156892,8,CARD.DEFEND_SILENT,Defend Silent
1778156892,9,CARD.DEFEND_SILENT,Defend Silent
1778156892,10,CARD.NEUTRALIZE,Neutralize
1778156892,11,CARD.SURVIVOR,Survivor
1778156892,12,CARD.DAGGER_THROW,Dagger Throw
1778156892,13,CARD.POISONED_STAB,Poisoned Stab
1778156892,14,CARD.PINPOINT,Pinpoint
1778156892,15,CARD.AFTERIMAGE,Afterimage
1778156892,16,CARD.SUCKER_PUNCH,Sucker Punch
1778156892,17,CARD.DASH,Dash
1778156892,18,CARD.BACKFLIP,Backflip
1778156892,19,CARD.ADRENALINE,Adrenaline
1778156892,20,CARD.HAND_TRICK,Hand Trick
1778156892,21,CARD.BOUNCING_FLASK,Bouncing Flask
1778156892,22,CARD.ADRENALINE,Adrenaline
1778156892,23,CARD.NOXIOUS_FUMES,Noxious Fumes
1778156892,24,CARD.UP_MY_SLEEVE,Up My Sleeve
1778156892,25,CARD.ANTICIPATE,Anticipate
1778156892,26,CARD.AFTERIMAGE,Afterimage
1778156892,27,CARD.STRANGLE,Strangle
1778156892,28,CARD.SLICE,Slice
1778156892,29,CARD.ENLIGHTENMENT,Enlightenment
1778156892,30,CARD.ENLIGHTENMENT,Enlightenment
1778103252,1,CARD.STRIKE_SILENT,Strike Silent
1778103252,2,CARD.STRIKE_SILENT,Strike Silent
1778103252,3,CARD.STRIKE_SILENT,Strike Silent
1778103252,4,CARD.STRIKE_SILENT,Strike Silent
1778103252,5,CARD.STRIKE_SILENT,Strike Silent
1778103252,6,CARD.DEFEND_SILENT,Defend Silent
1778103252,7,CARD.DEFEND_SILENT,Defend Silent
1778103252,8,CARD.DEFEND_SILENT,Defend Silent
1778103252,9,CARD.DEFEND_SILENT,Defend Silent
1778103252,10,CARD.NEUTRALIZE,Neutralize
1778103252,11,CARD.SURVIVOR,Survivor
1778103252,12,CARD.HAZE,Haze
1778103252,13,CARD.CLOAK_AND_DAGGER,Cloak And Dagger
1778103252,14,CARD.FOOTWORK,Footwork
1778103252,15,CARD.BACKSTAB,Backstab
1778103252,16,CARD.ADRENALINE,Adrenaline
1778103252,17,CARD.PINPOINT,Pinpoint
1778103252,18,CARD.BYRDONIS_EGG,Byrdonis Egg
1778103252,19,CARD.SUCKER_PUNCH,Sucker Punch
1778103252,20,CARD.BACKFLIP,Backflip
1778103252,21,CARD.DEADLY_POISON,Deadly Poison
1778103252,22,CARD.DASH,Dash
1777933157,1,CARD.STRIKE_SILENT,Strike Silent
1777933157,2,CARD.STRIKE_SILENT,Strike Silent
1777933157,3,CARD.STRIKE_SILENT,Strike Silent
1777933157,4,CARD.STRIKE_SILENT,Strike Silent
1777933157,5,CARD.STRIKE_SILENT,Strike Silent
1777933157,6,CARD.DEFEND_SILENT,Defend Silent
1777933157,7,CARD.DEFEND_SILENT,Defend Silent
1777933157,8,CARD.DEFEND_SILENT,Defend Silent
1777933157,9,CARD.DEFEND_SILENT,Defend Silent
1777933157,10,CARD.DEFEND_SILENT,Defend Silent
1777933157,11,CARD.NEUTRALIZE,Neutralize
1777933157,12,CARD.SURVIVOR,Survivor
1777933157,13,CARD.NEOWS_FURY,Neows Fury
1777933157,14,CARD.BACKFLIP,Backflip
1777933157,15,CARD.SPOILS_MAP,Spoils Map
1777933157,16,CARD.DEADLY_POISON,Deadly Poison
1777933157,17,CARD.DODGE_AND_ROLL,Dodge And Roll
1777933157,18,CARD.POISONED_STAB,Poisoned Stab
1777933157,19,CARD.FLASH_OF_STEEL,Flash Of Steel
1777933157,20,CARD.ACROBATICS,Acrobatics
1777933157,21,CARD.DAGGER_THROW,Dagger Throw
1777933157,22,CARD.FOLLOW_THROUGH,Follow Through
1777933157,23,CARD.PREPARED,Prepared
1777933157,24,CARD.FLICK_FLACK,Flick Flack
1777933157,25,CARD.MIRAGE,Mirage
1777912244,1,CARD.STRIKE_SILENT,Strike Silent
1777912244,2,CARD.STRIKE_SILENT,Strike Silent
1777912244,3,CARD.STRIKE_SILENT,Strike Silent
1777912244,4,CARD.STRIKE_SILENT,Strike Silent
1777912244,5,CARD.STRIKE_SILENT,Strike Silent
1777912244,6,CARD.DEFEND_SILENT,Defend Silent
1777912244,7,CARD.DEFEND_SILENT,Defend Silent
1777912244,8,CARD.DEFEND_SILENT,Defend Silent
1777912244,9,CARD.DEFEND_SILENT,Defend Silent
1777912244,10,CARD.DEFEND_SILENT,Defend Silent
1777912244,11,CARD.NEUTRALIZE,Neutralize
1777912244,12,CARD.SURVIVOR,Survivor
1777912244,13,CARD.ENVENOM,Envenom
1777912244,14,CARD.INJURY,Injury
1777912244,15,CARD.HAZE,Haze
1777912244,16,CARD.OUTBREAK,Outbreak
1777912244,17,CARD.HAZE,Haze
1777912244,18,CARD.POISONED_STAB,Poisoned Stab
1777289417,1,CARD.STRIKE_SILENT,Strike Silent
1777289417,2,CARD.STRIKE_SILENT,Strike Silent
1777289417,3,CARD.STRIKE_SILENT,Strike Silent
1777289417,4,CARD.STRIKE_SILENT,Strike Silent
1777289417,5,CARD.DEFEND_SILENT,Defend Silent
1777289417,6,CARD.DEFEND_SILENT,Defend Silent
1777289417,7,CARD.DEFEND_SILENT,Defend Silent
1777289417,8,CARD.DEFEND_SILENT,Defend Silent
1777289417,9,CARD.NEUTRALIZE,Neutralize
1777289417,10,CARD.SURVIVOR,Survivor
1777289417,11,CARD.FAN_OF_KNIVES,Fan Of Knives
1777289417,12,CARD.BLADE_DANCE,Blade Dance
1777289417,13,CARD.ACROBATICS,Acrobatics
1777289417,14,CARD.BACKFLIP,Backflip
1777289417,15,CARD.BLADE_DANCE,Blade Dance
1777289417,16,CARD.TACTICIAN,Tactician
1777289417,17,CARD.TOOLS_OF_THE_TRADE,Tools Of The Trade
1777289417,18,CARD.DAGGER_THROW,Dagger Throw
1777287675,1,CARD.STRIKE_SILENT,Strike Silent
1777287675,2,CARD.STRIKE_SILENT,Strike Silent
1777287675,3,CARD.STRIKE_SILENT,Strike Silent
1777287675,4,CARD.STRIKE_SILENT,Strike Silent
1777287675,5,CARD.STRIKE_SILENT,Strike Silent
1777287675,6,CARD.DEFEND_SILENT,Defend Silent
1777287675,7,CARD.DEFEND_SILENT,Defend Silent
1777287675,8,CARD.DEFEND_SILENT,Defend Silent
1777287675,9,CARD.DEFEND_SILENT,Defend Silent
1777287675,10,CARD.DEFEND_SILENT,Defend Silent
1777287675,11,CARD.NEUTRALIZE,Neutralize
1777287675,12,CARD.SURVIVOR,Survivor
1777287675,13,CARD.LEADING_STRIKE,Leading Strike
1777287675,14,CARD.BLADE_DANCE,Blade Dance
1777287675,15,CARD.SUCKER_PUNCH,Sucker Punch
1777287675,16,CARD.LEADING_STRIKE,Leading Strike
1777287675,17,CARD.PREPARED,Prepared
1777287675,18,CARD.UNTOUCHABLE,Untouchable
1777287675,19,CARD.BLADE_DANCE,Blade Dance
1777287675,20,CARD.ACROBATICS,Acrobatics
1777287675,21,CARD.BACKFLIP,Backflip
1777287675,22,CARD.ABRASIVE,Abrasive
1777211740,1,CARD.STRIKE_SILENT,Strike Silent
1777211740,2,CARD.STRIKE_SILENT,Strike Silent
1777211740,3,CARD.STRIKE_SILENT,Strike Silent
1777211740,4,CARD.STRIKE_SILENT,Strike Silent
1777211740,5,CARD.STRIKE_SILENT,Strike Silent
1777211740,6,CARD.DEFEND_SILENT,Defend Silent
1777211740,7,CARD.DEFEND_SILENT,Defend Silent
1777211740,8,CARD.DEFEND_SILENT,Defend Silent
1777211740,9,CARD.DEFEND_SILENT,Defend Silent
1777211740,10,CARD.DEFEND_SILENT,Defend Silent
1777211740,11,CARD.NEUTRALIZE,Neutralize
1777211740,12,CARD.SURVIVOR,Survivor
1777211740,13,CARD.BACKFLIP,Backflip
1777211740,14,CARD.FLICK_FLACK,Flick Flack
1777211740,15,CARD.BLADE_DANCE,Blade Dance
1777211740,16,CARD.STRANGLE,Strangle
1777211740,17,CARD.ACCURACY,Accuracy
1777210949,1,CARD.STRIKE_SILENT,Strike Silent
1777210949,2,CARD.STRIKE_SILENT,Strike Silent
1777210949,3,CARD.STRIKE_SILENT,Strike Silent
1777210949,4,CARD.STRIKE_SILENT,Strike Silent
1777210949,5,CARD.STRIKE_SILENT,Strike Silent
1777210949,6,CARD.DEFEND_SILENT,Defend Silent
1777210949,7,CARD.DEFEND_SILENT,Defend Silent
1777210949,8,CARD.DEFEND_SILENT,Defend Silent
1777210949,9,CARD.DEFEND_SILENT,Defend Silent
1777210949,10,CARD.DEFEND_SILENT,Defend Silent
1777210949,11,CARD.NEUTRALIZE,Neutralize
1777210949,12,CARD.SURVIVOR,Survivor
1777210949,13,CARD.DISCOVERY,Discovery
1777210949,14,CARD.PREPARED,Prepared
1777210949,15,CARD.KNIFE_TRAP,Knife Trap
1777210949,16,CARD.DEFLECT,Deflect
1777210949,17,CARD.TACTICIAN,Tactician
1777210949,18,CARD.CORROSIVE_WAVE,Corrosive Wave
1777166549,1,CARD.STRIKE_SILENT,Strike Silent
1777166549,2,CARD.STRIKE_SILENT,Strike Silent
1777166549,3,CARD.STRIKE_SILENT,Strike Silent
1777166549,4,CARD.STRIKE_SILENT,Strike Silent
1777166549,5,CARD.STRIKE_SILENT,Strike Silent
1777166549,6,CARD.DEFEND_SILENT,Defend Silent
1777166549,7,CARD.DEFEND_SILENT,Defend Silent
1777166549,8,CARD.DEFEND_SILENT,Defend Silent
1777166549,9,CARD.DEFEND_SILENT,Defend Silent
1777166549,10,CARD.DEFEND_SILENT,Defend Silent
1777166549,11,CARD.NEUTRALIZE,Neutralize
1777166549,12,CARD.SURVIVOR,Survivor
1777166549,13,CARD.STRIKE_SILENT,Strike Silent
1777166549,14,CARD.DEFEND_SILENT,Defend Silent
1777166549,15,CARD.BLUR,Blur
1777166549,16,CARD.KNIFE_TRAP,Knife Trap
1777166549,17,CARD.CLUMSY,Clumsy
1777166549,18,CARD.DAGGER_THROW,Dagger Throw
1777166549,19,CARD.UP_MY_SLEEVE,Up My Sleeve
1777166549,20,CARD.SKEWER,Skewer
1777152249,1,CARD.STRIKE_SILENT,Strike Silent
1777152249,2,CARD.STRIKE_SILENT,Strike Silent
1777152249,3,CARD.STRIKE_SILENT,Strike Silent
1777152249,4,CARD.STRIKE_SILENT,Strike Silent
1777152249,5,CARD.STRIKE_SILENT,Strike Silent
1777152249,6,CARD.DEFEND_SILENT,Defend Silent
1777152249,7,CARD.DEFEND_SILENT,Defend Silent
1777152249,8,CARD.DEFEND_SILENT,Defend Silent
1777152249,9,CARD.NEUTRALIZE,Neutralize
1777152249,10,CARD.SURVIVOR,Survivor
1777152249,11,CARD.PREPARED,Prepared
1777152249,12,CARD.RICOCHET,Ricochet
1777152249,13,CARD.DAGGER_THROW,Dagger Throw
1777152249,14,CARD.UNTOUCHABLE,Untouchable
1777152249,15,CARD.RICOCHET,Ricochet
1777152249,16,CARD.SHADOW_STEP,Shadow Step
1777152249,17,CARD.MEMENTO_MORI,Memento Mori
1777152249,18,CARD.THE_HUNT,The Hunt
1777152249,19,CARD.UNTOUCHABLE,Untouchable
1777152249,20,CARD.TOOLS_OF_THE_TRADE,Tools Of The Trade
1777152249,21,CARD.PREPARED,Prepared
1777152249,22,CARD.PRECISE_CUT,Precise Cut
1777152249,23,CARD.RICOCHET,Ricochet
1777152249,24,CARD.MEMENTO_MORI,Memento Mori
1777152249,25,CARD.ESCAPE_PLAN,Escape Plan
1777152249,26,CARD.EXPOSE,Expose
1777152249,27,CARD.SKEWER,Skewer
1777152249,28,CARD.BACKFLIP,Backflip
1777152249,29,CARD.DAGGER_THROW,Dagger Throw
1777152249,30,CARD.BACKSTAB,Backstab
1777152249,31,CARD.UNTOUCHABLE,Untouchable
1777152249,32,CARD.SERPENT_FORM,Serpent Form
1777152249,33,CARD.DEFLECT,Deflect
1777152249,34,CARD.FINISHER,Finisher
1777144157,1,CARD.STRIKE_SILENT,Strike Silent
1777144157,2,CARD.STRIKE_SILENT,Strike Silent
1777144157,3,CARD.STRIKE_SILENT,Strike Silent
1777144157,4,CARD.STRIKE_SILENT,Strike Silent
1777144157,5,CARD.DEFEND_SILENT,Defend Silent
1777144157,6,CARD.DEFEND_SILENT,Defend Silent
1777144157,7,CARD.DEFEND_SILENT,Defend Silent
1777144157,8,CARD.DEFEND_SILENT,Defend Silent
1777144157,9,CARD.NEUTRALIZE,Neutralize
1777144157,10,CARD.SURVIVOR,Survivor
1777144157,11,CARD.SPEEDSTER,Speedster
1777144157,12,CARD.SUCKER_PUNCH,Sucker Punch
1777144157,13,CARD.DEADLY_POISON,Deadly Poison
1777144157,14,CARD.BACKFLIP,Backflip
1777144157,15,CARD.PREDATOR,Predator
1777144157,16,CARD.ACROBATICS,Acrobatics
1777144157,17,CARD.POISONED_STAB,Poisoned Stab
1777144157,18,CARD.DEADLY_POISON,Deadly Poison
1776985643,1,CARD.STRIKE_SILENT,Strike Silent
1776985643,2,CARD.STRIKE_SILENT,Strike Silent
1776985643,3,CARD.STRIKE_SILENT,Strike Silent
1776985643,4,CARD.STRIKE_SILENT,Strike Silent
1776985643,5,CARD.STRIKE_SILENT,Strike Silent
1776985643,6,CARD.DEFEND_SILENT,Defend Silent
1776985643,7,CARD.DEFEND_SILENT,Defend Silent
1776985643,8,CARD.DEFEND_SILENT,Defend Silent
1776985643,9,CARD.NEUTRALIZE,Neutralize
1776985643,10,CARD.SURVIVOR,Survivor
1776985643,11,CARD.INFINITE_BLADES,Infinite Blades
1776985643,12,CARD.BACKFLIP,Backflip
1776985643,13,CARD.LEADING_STRIKE,Leading Strike
1776985643,14,CARD.DEFLECT,Deflect
1776985643,15,CARD.SUCKER_PUNCH,Sucker Punch
1776985643,16,CARD.POUNCE,Pounce
1776985643,17,CARD.CALCULATED_GAMBLE,Calculated Gamble
1776985643,18,CARD.BLADE_DANCE,Blade Dance
1776985643,19,CARD.AFTERIMAGE,Afterimage
1776985643,20,CARD.INFINITE_BLADES,Infinite Blades
1776985643,21,CARD.EXPOSE,Expose
1776985643,22,CARD.DASH,Dash
1776985643,23,CARD.STRANGLE,Strangle
1776985643,24,CARD.PREPARED,Prepared
1776985643,25,CARD.BACKFLIP,Backflip
1776985643,26,CARD.PREPARED,Prepared
1776985643,27,CARD.TACTICIAN,Tactician
1776985643,28,CARD.SNEAKY,Sneaky
1776985643,29,CARD.BLADE_DANCE,Blade Dance
1776985643,30,CARD.ANTICIPATE,Anticipate
1776985643,31,CARD.SLICE,Slice
1776985643,32,CARD.SLICE,Slice
1776985643,33,CARD.EXPOSE,Expose
1776985643,34,CARD.FINISHER,Finisher
1776981016,1,CARD.STRIKE_IRONCLAD,Strike Ironclad
1776981016,2,CARD.STRIKE_IRONCLAD,Strike Ironclad
1776981016,3,CARD.DEFEND_IRONCLAD,Defend Ironclad
1776981016,4,CARD.DEFEND_IRONCLAD,Defend Ironclad
1776981016,5,CARD.BASH,Bash
1776981016,6,CARD.SETUP_STRIKE,Setup Strike
1776981016,7,CARD.ANGER,Anger
1776981016,8,CARD.DISMANTLE,Dismantle
1776981016,9,CARD.HEADBUTT,Headbutt
1776981016,10,CARD.STOMP,Stomp
1776981016,11,CARD.RAGE,Rage
1776981016,12,CARD.IRON_WAVE,Iron Wave
1776981016,13,CARD.SHRUG_IT_OFF,Shrug It Off
1776981016,14,CARD.IRON_WAVE,Iron Wave
1776981016,15,CARD.DEMON_FORM,Demon Form
1776981016,16,CARD.ASHEN_STRIKE,Ashen Strike
1776981016,17,CARD.TAUNT,Taunt
1776981016,18,CARD.BATTLE_TRANCE,Battle Trance
1776981016,19,CARD.ASHEN_STRIKE,Ashen Strike
1776981016,20,CARD.HEADBUTT,Headbutt
1776981016,21,CARD.VICIOUS,Vicious
1776981016,22,CARD.THUNDERCLAP,Thunderclap
