run_id,floor,potion_position,potion_id,potion_name,floor_type,encounter
1781853392,8,1,POTION.ATTACK_POTION,Attack Potion,elite,ENCOUNTER.BYRDONIS_ELITE
1781853392,17,1,POTION.STRENGTH_POTION,Strength Potion,boss,ENCOUNTER.CEREMONIAL_BEAST_BOSS
1781853392,17,2,POTION.SKILL_POTION,Skill Potion,boss,ENCOUNTER.CEREMONIAL_BEAST_BOSS
1781853392,20,1,POTION.EXPLOSIVE_AMPOULE,Explosive Ampoule,monster,ENCOUNTER.BOWLBUGS_WEAK
1781853392,28,1,POTION.DEXTERITY_POTION,Dexterity Potion,elite,ENCOUNTER.ENTOMANCER_ELITE
1781853392,28,2,POTION.TOUCH_OF_INSANITY,Touch Of Insanity,elite,ENCOUNTER.ENTOMANCER_ELITE
1781853392,30,1,POTION.SKILL_POTION,Skill Potion,monster,ENCOUNTER.MYTES_NORMAL
1781853392,33,1,POTION.DEXTERITY_POTION,Dexterity Potion,boss,ENCOUNTER.KAISER_CRAB_BOSS
1781853392,43,1,POTION.STAR_POTION,Star Potion,elite,ENCOUNTER.KNIGHTS_ELITE
1781853392,48,1,POTION.STABLE_SERUM,Stable Serum,boss,ENCOUNTER.QUEEN_BOSS
1781853392,48,2,POTION.CURE_ALL,Cure All,boss,ENCOUNTER.QUEEN_BOSS
1781853392,48,3,POTION.ENERGY_POTION,Energy Potion,boss,ENCOUNTER.QUEEN_BOSS
1781829488,6,1,POTION.COLORLESS_POTION,Colorless Potion,monster,ENCOUNTER.OVERGROWTH_CRAWLERS
1781829488,14,1,POTION.COLORLESS_POTION,Colorless Potion,elite,ENCOUNTER.PHROG_PARASITE_ELITE
1781829488,17,1,POTION.STRENGTH_POTION,Strength Potion,boss,ENCOUNTER.VANTOM_BOSS
1781829488,24,1,POTION.GAMBLERS_BREW,Gamblers Brew,elite,ENCOUNTER.ENTOMANCER_ELITE
1781789392,10,1,POTION.DISTILLED_CHAOS,Distilled Chaos,elite,ENCOUNTER.SKULKING_COLONY_ELITE
1781789392,13,1,POTION.VULNERABLE_POTION,Vulnerable Potion,elite,ENCOUNTER.PHANTASMAL_GARDENERS_ELITE
1781789392,16,1,POTION.VULNERABLE_POTION,Vulnerable Potion,boss,ENCOUNTER.WATERFALL_GIANT_BOSS
1781789392,18,1,POTION.COLORLESS_POTION,Colorless Potion,monster,ENCOUNTER.EXOSKELETONS_WEAK
1781789392,22,1,POTION.ATTACK_POTION,Attack Potion,monster,ENCOUNTER.THIEVING_HOPPER_WEAK
1781788845,11,1,POTION.EXPLOSIVE_AMPOULE,Explosive Ampoule,unknown,EVENT.DENSE_VEGETATION
1781788845,15,1,POTION.HEART_OF_IRON,Heart Of Iron,elite,ENCOUNTER.BYRDONIS_ELITE
1781788845,17,1,POTION.ATTACK_POTION,Attack Potion,boss,ENCOUNTER.THE_KIN_BOSS
1781788845,29,1,POTION.SWIFT_POTION,Swift Potion,elite,ENCOUNTER.DECIMILLIPEDE_ELITE
1781788845,29,2,POTION.EXPLOSIVE_AMPOULE,Explosive Ampoule,elite,ENCOUNTER.DECIMILLIPEDE_ELITE
1781788845,31,1,POTION.SPEED_POTION,Speed Potion,elite,ENCOUNTER.ENTOMANCER_ELITE
1781788845,42,1,POTION.FYSH_OIL,Fysh Oil,elite,ENCOUNTER.SOUL_NEXUS_ELITE
1781788845,42,2,POTION.BEETLE_JUICE,Beetle Juice,elite,ENCOUNTER.SOUL_NEXUS_ELITE
1781782862,8,1,POTION.STABLE_SERUM,Stable Serum,elite,ENCOUNTER.BYRDONIS_ELITE
1781782862,14,1,POTION.SPEED_POTION,Speed Potion,elite,ENCOUNTER.BYGONE_EFFIGY_ELITE
1781782862,17,1,POTION.KINGS_COURAGE,Kings Courage,boss,ENCOUNTER.THE_KIN_BOSS
1781782862,27,1,POTION.FRUIT_JUICE,Fruit Juice,monster,ENCOUNTER.OVICOPTER_NORMAL
1781782862,28,1,POTION.COLORLESS_POTION,Colorless Potion,elite,ENCOUNTER.DECIMILLIPEDE_ELITE
1781782862,28,2,POTION.EXPLOSIVE_AMPOULE,Explosive Ampoule,elite,ENCOUNTER.DECIMILLIPEDE_ELITE
1781782862,33,1,POTION.SKILL_POTION,Skill Potion,boss,ENCOUNTER.THE_INSATIABLE_BOSS
1781782862,40,1,POTION.VULNERABLE_POTION,Vulnerable Potion,elite,ENCOUNTER.SOUL_NEXUS_ELITE
1781782862,48,1,POTION.FLEX_POTION,Flex Potion,boss,ENCOUNTER.AEONGLASS_BOSS
1781782862,48,2,POTION.SWIFT_POTION,Swift Potion,boss,ENCOUNTER.AEONGLASS_BOSS
1781782862,48,3,POTION.ENERGY_POTION,Energy Potion,boss,ENCOUNTER.AEONGLASS_BOSS
1781734701,12,1,POTION.MAZALETHS_GIFT,Mazaleths Gift,elite,ENCOUNTER.BYRDONIS_ELITE
1781734701,16,1,POTION.SWIFT_POTION,Swift Potion,boss,ENCOUNTER.CEREMONIAL_BEAST_BOSS
1781734701,28,1,POTION.FOUL_POTION,Foul Potion,shop,
1781734701,28,2,POTION.FOUL_POTION,Foul Potion,shop,
1781734701,31,1,POTION.POWER_POTION,Power Potion,boss,ENCOUNTER.THE_INSATIABLE_BOSS
1781734701,31,2,POTION.RADIANT_TINCTURE,Radiant Tincture,boss,ENCOUNTER.THE_INSATIABLE_BOSS
1781734701,37,1,POTION.FRUIT_JUICE,Fruit Juice,shop,
1781734701,41,1,POTION.DEXTERITY_POTION,Dexterity Potion,elite,ENCOUNTER.MECHA_KNIGHT_ELITE
1781734701,43,1,POTION.WEAK_POTION,Weak Potion,elite,ENCOUNTER.KNIGHTS_ELITE
1781734701,45,1,POTION.TOUCH_OF_INSANITY,Touch Of Insanity,boss,ENCOUNTER.TEST_SUBJECT_BOSS
1781655681,14,1,POTION.COLORLESS_POTION,Colorless Potion,unknown,ENCOUNTER.GREMLIN_MERC_NORMAL
1781655681,17,1,POTION.ENERGY_POTION,Energy Potion,boss,ENCOUNTER.SOUL_FYSH_BOSS
1781655681,17,2,POTION.WEAK_POTION,Weak Potion,boss,ENCOUNTER.SOUL_FYSH_BOSS
1781655681,23,1,POTION.SWIFT_POTION,Swift Potion,monster,ENCOUNTER.THE_OBSCURA_NORMAL
1781655681,25,1,POTION.WEAK_POTION,Weak Potion,elite,ENCOUNTER.INFESTED_PRISMS_ELITE
1781655681,31,1,POTION.CURE_ALL,Cure All,monster,ENCOUNTER.LOUSE_PROGENITOR_NORMAL
1781649462,7,1,POTION.SKILL_POTION,Skill Potion,elite,ENCOUNTER.TERROR_EEL_ELITE
1781649462,14,1,POTION.EXPLOSIVE_AMPOULE,Explosive Ampoule,elite,ENCOUNTER.PHANTASMAL_GARDENERS_ELITE
1781649462,16,1,POTION.SHACKLING_POTION,Shackling Potion,boss,ENCOUNTER.WATERFALL_GIANT_BOSS
1781649462,27,1,POTION.FOUL_POTION,Foul Potion,shop,
1781649462,27,2,POTION.FOUL_POTION,Foul Potion,shop,
1781649462,29,1,POTION.POTION_OF_DOOM,Potion Of Doom,elite,ENCOUNTER.INFESTED_PRISMS_ELITE
1781649462,29,2,POTION.ENTROPIC_BREW,Entropic Brew,elite,ENCOUNTER.INFESTED_PRISMS_ELITE
1781649462,31,1,POTION.DEXTERITY_POTION,Dexterity Potion,boss,ENCOUNTER.KAISER_CRAB_BOSS
1781649462,31,2,POTION.WEAK_POTION,Weak Potion,boss,ENCOUNTER.KAISER_CRAB_BOSS
1781649462,31,3,POTION.STABLE_SERUM,Stable Serum,boss,ENCOUNTER.KAISER_CRAB_BOSS
1781649462,45,1,POTION.DUPLICATOR,Duplicator,boss,ENCOUNTER.TEST_SUBJECT_BOSS
1781649462,45,2,POTION.GIGANTIFICATION_POTION,Gigantification Potion,boss,ENCOUNTER.TEST_SUBJECT_BOSS
1781649462,45,3,POTION.GIGANTIFICATION_POTION,Gigantification Potion,boss,ENCOUNTER.TEST_SUBJECT_BOSS
1781649462,45,4,POTION.FIRE_POTION,Fire Potion,boss,ENCOUNTER.TEST_SUBJECT_BOSS
1781639902,23,1,POTION.OROBIC_ACID,Orobic Acid,monster,ENCOUNTER.SLUMBERING_BEETLE_NORMAL
1781639902,30,1,POTION.DISTILLED_CHAOS,Distilled Chaos,elite,ENCOUNTER.INFESTED_PRISMS_ELITE
1781639902,33,1,POTION.CLARITY,Clarity,boss,ENCOUNTER.THE_INSATIABLE_BOSS
1781639902,33,2,POTION.POTION_OF_BINDING,Potion Of Binding,boss,ENCOUNTER.THE_INSATIABLE_BOSS
1781639902,39,1,POTION.FOUL_POTION,Foul Potion,shop,
1781639902,39,2,POTION.FOUL_POTION,Foul Potion,shop,
1781639902,45,1,POTION.VULNERABLE_POTION,Vulnerable Potion,elite,ENCOUNTER.KNIGHTS_ELITE
1781639902,46,1,POTION.FYSH_OIL,Fysh Oil,unknown,ENCOUNTER.GLOBE_HEAD_NORMAL
1781639902,48,1,POTION.POISON_POTION,Poison Potion,boss,ENCOUNTER.QUEEN_BOSS
1781639066,8,1,POTION.POWER_POTION,Power Potion,monster,ENCOUNTER.OVERGROWTH_CRAWLERS
1781639066,9,1,POTION.SKILL_POTION,Skill Potion,unknown,ENCOUNTER.SLITHERING_STRANGLER_NORMAL
1781556560,13,1,POTION.FIRE_POTION,Fire Potion,unknown,EVENT.PUNCH_OFF
1781556560,15,1,POTION.ATTACK_POTION,Attack Potion,elite,ENCOUNTER.PHANTASMAL_GARDENERS_ELITE
1781556560,22,1,POTION.COLORLESS_POTION,Colorless Potion,monster,ENCOUNTER.THE_OBSCURA_NORMAL
1781556560,23,1,POTION.SWIFT_POTION,Swift Potion,unknown,ENCOUNTER.LOUSE_PROGENITOR_NORMAL
1781556560,25,1,POTION.ENERGY_POTION,Energy Potion,elite,ENCOUNTER.DECIMILLIPEDE_ELITE
1781556560,33,1,POTION.LUCKY_TONIC,Lucky Tonic,boss,ENCOUNTER.KNOWLEDGE_DEMON_BOSS
1781549277,11,1,POTION.MAZALETHS_GIFT,Mazaleths Gift,elite,ENCOUNTER.BYGONE_EFFIGY_ELITE
1781549277,13,1,POTION.VULNERABLE_POTION,Vulnerable Potion,unknown,ENCOUNTER.OVERGROWTH_CRAWLERS
1781484745,6,1,POTION.FIRE_POTION,Fire Potion,monster,ENCOUNTER.CUBEX_CONSTRUCT_NORMAL
1781484745,11,1,POTION.COLORLESS_POTION,Colorless Potion,elite,ENCOUNTER.BYRDONIS_ELITE
1781484745,17,1,POTION.FORTIFIER,Fortifier,boss,ENCOUNTER.VANTOM_BOSS
1781484745,25,1,POTION.ENERGY_POTION,Energy Potion,elite,ENCOUNTER.INFESTED_PRISMS_ELITE
1781484745,28,1,POTION.POISON_POTION,Poison Potion,elite,ENCOUNTER.ENTOMANCER_ELITE
1781484745,33,1,POTION.CURE_ALL,Cure All,boss,ENCOUNTER.KNOWLEDGE_DEMON_BOSS
1781217192,8,1,POTION.FLEX_POTION,Flex Potion,elite,ENCOUNTER.PHROG_PARASITE_ELITE
1781217192,13,1,POTION.SWIFT_POTION,Swift Potion,elite,ENCOUNTER.BYRDONIS_ELITE
1781217192,13,2,POTION.SWIFT_POTION,Swift Potion,elite,ENCOUNTER.BYRDONIS_ELITE
1781217192,14,1,POTION.SWIFT_POTION,Swift Potion,monster,ENCOUNTER.FLYCONID_NORMAL
1781217192,16,1,POTION.POWER_POTION,Power Potion,boss,ENCOUNTER.VANTOM_BOSS
1781217192,16,2,POTION.POTION_SHAPED_ROCK,Potion Shaped Rock,boss,ENCOUNTER.VANTOM_BOSS
1781217192,16,3,POTION.POTION_SHAPED_ROCK,Potion Shaped Rock,boss,ENCOUNTER.VANTOM_BOSS
1781217192,23,1,POTION.VULNERABLE_POTION,Vulnerable Potion,elite,ENCOUNTER.DECIMILLIPEDE_ELITE
1781217192,23,2,POTION.POTION_SHAPED_ROCK,Potion Shaped Rock,elite,ENCOUNTER.DECIMILLIPEDE_ELITE
1781217192,26,1,POTION.ENTROPIC_BREW,Entropic Brew,elite,ENCOUNTER.ENTOMANCER_ELITE
1781217192,26,2,POTION.POTION_SHAPED_ROCK,Potion Shaped Rock,elite,ENCOUNTER.ENTOMANCER_ELITE
1781217192,26,3,POTION.POTION_OF_BINDING,Potion Of Binding,elite,ENCOUNTER.ENTOMANCER_ELITE
1781217192,26,4,POTION.FYSH_OIL,Fysh Oil,elite,ENCOUNTER.ENTOMANCER_ELITE
1781217192,31,1,POTION.SWIFT_POTION,Swift Potion,boss,ENCOUNTER.KNOWLEDGE_DEMON_BOSS
1781217192,33,1,POTION.POTION_SHAPED_ROCK,Potion Shaped Rock,monster,ENCOUNTER.DEVOTED_SCULPTOR_WEAK
1781217192,33,2,POTION.WEAK_POTION,Weak Potion,monster,ENCOUNTER.DEVOTED_SCULPTOR_WEAK
1781217192,36,1,POTION.POTION_SHAPED_ROCK,Potion Shaped Rock,monster,ENCOUNTER.SCROLLS_OF_BITING_WEAK
1781217192,43,1,POTION.POTION_SHAPED_ROCK,Potion Shaped Rock,elite,ENCOUNTER.MECHA_KNIGHT_ELITE
1781217192,45,1,POTION.STAR_POTION,Star Potion,boss,ENCOUNTER.TEST_SUBJECT_BOSS
1781217192,45,2,POTION.ENERGY_POTION,Energy Potion,boss,ENCOUNTER.TEST_SUBJECT_BOSS
1781217192,45,3,POTION.POTION_SHAPED_ROCK,Potion Shaped Rock,boss,ENCOUNTER.TEST_SUBJECT_BOSS
1781175779,8,1,POTION.STRENGTH_POTION,Strength Potion,elite,ENCOUNTER.PHROG_PARASITE_ELITE
1781175779,17,1,POTION.DEXTERITY_POTION,Dexterity Potion,boss,ENCOUNTER.CEREMONIAL_BEAST_BOSS
1781175779,22,1,POTION.SKILL_POTION,Skill Potion,monster,ENCOUNTER.SLUMBERING_BEETLE_NORMAL
1781175779,23,1,POTION.POISON_POTION,Poison Potion,monster,ENCOUNTER.SPINY_TOAD_NORMAL
1781175779,29,1,POTION.STRENGTH_POTION,Strength Potion,elite,ENCOUNTER.ENTOMANCER_ELITE
1781175779,31,1,POTION.ENERGY_POTION,Energy Potion,monster,ENCOUNTER.HUNTER_KILLER_NORMAL
1781175779,40,1,POTION.BLOCK_POTION,Block Potion,elite,ENCOUNTER.MECHA_KNIGHT_ELITE
1781175779,43,1,POTION.VULNERABLE_POTION,Vulnerable Potion,elite,ENCOUNTER.SOUL_NEXUS_ELITE
1781175779,43,2,POTION.DUPLICATOR,Duplicator,elite,ENCOUNTER.SOUL_NEXUS_ELITE
1781175779,46,1,POTION.ENERGY_POTION,Energy Potion,elite,ENCOUNTER.KNIGHTS_ELITE
1781175779,48,1,POTION.STRENGTH_POTION,Strength Potion,boss,ENCOUNTER.TEST_SUBJECT_BOSS
1781175779,48,2,POTION.LIQUID_BRONZE,Liquid Bronze,boss,ENCOUNTER.TEST_SUBJECT_BOSS
1781175779,48,3,POTION.WEAK_POTION,Weak Potion,boss,ENCOUNTER.TEST_SUBJECT_BOSS
1780961235,7,1,POTION.STRENGTH_POTION,Strength Potion,elite,ENCOUNTER.SKULKING_COLONY_ELITE
1780961235,13,1,POTION.DEXTERITY_POTION,Dexterity Potion,elite,ENCOUNTER.TERROR_EEL_ELITE
1780961235,22,1,POTION.HEART_OF_IRON,Heart Of Iron,monster,ENCOUNTER.LOUSE_PROGENITOR_NORMAL
1780961235,25,1,POTION.RADIANT_TINCTURE,Radiant Tincture,monster,ENCOUNTER.HUNTER_KILLER_NORMAL
1780961235,25,2,POTION.SWIFT_POTION,Swift Potion,monster,ENCOUNTER.HUNTER_KILLER_NORMAL
1780961235,26,1,POTION.FLEX_POTION,Flex Potion,elite,ENCOUNTER.ENTOMANCER_ELITE
1780959402,8,1,POTION.POWER_POTION,Power Potion,monster,ENCOUNTER.CULTISTS_NORMAL
1780959402,16,1,POTION.FAIRY_IN_A_BOTTLE,Fairy In A Bottle,boss,ENCOUNTER.SOUL_FYSH_BOSS
1780959402,16,2,POTION.SPEED_POTION,Speed Potion,boss,ENCOUNTER.SOUL_FYSH_BOSS
1780858880,6,1,POTION.BLOCK_POTION,Block Potion,monster,ENCOUNTER.CORPSE_SLUGS_NORMAL
1780858880,15,1,POTION.ATTACK_POTION,Attack Potion,elite,ENCOUNTER.PHANTASMAL_GARDENERS_ELITE
1780858880,17,1,POTION.KINGS_COURAGE,Kings Courage,boss,ENCOUNTER.SOUL_FYSH_BOSS
1780858880,19,1,POTION.VULNERABLE_POTION,Vulnerable Potion,monster,ENCOUNTER.TUNNELER_WEAK
1780858880,22,1,POTION.SKILL_POTION,Skill Potion,monster,ENCOUNTER.SPINY_TOAD_NORMAL
1780858880,25,1,POTION.SKILL_POTION,Skill Potion,elite,ENCOUNTER.INFESTED_PRISMS_ELITE
1780858880,29,1,POTION.SKILL_POTION,Skill Potion,elite,ENCOUNTER.DECIMILLIPEDE_ELITE
1780858880,29,2,POTION.SPEED_POTION,Speed Potion,elite,ENCOUNTER.DECIMILLIPEDE_ELITE
1780858880,29,3,POTION.FIRE_POTION,Fire Potion,elite,ENCOUNTER.DECIMILLIPEDE_ELITE
1780858880,31,1,POTION.FOUL_POTION,Foul Potion,shop,
1780858880,31,2,POTION.FOUL_POTION,Foul Potion,shop,
1780858880,31,3,POTION.FOUL_POTION,Foul Potion,shop,
1780858880,33,1,POTION.WEAK_POTION,Weak Potion,boss,ENCOUNTER.THE_INSATIABLE_BOSS
1780858880,39,1,POTION.CLARITY,Clarity,monster,ENCOUNTER.SCROLLS_OF_BITING_NORMAL
1780851438,7,1,POTION.BLOCK_POTION,Block Potion,elite,ENCOUNTER.SKULKING_COLONY_ELITE
1780851438,9,1,POTION.DROPLET_OF_PRECOGNITION,Droplet Of Precognition,elite,ENCOUNTER.TERROR_EEL_ELITE
1780851438,17,1,POTION.BLOCK_POTION,Block Potion,boss,ENCOUNTER.LAGAVULIN_MATRIARCH_BOSS
1780851438,17,2,POTION.FLEX_POTION,Flex Potion,boss,ENCOUNTER.LAGAVULIN_MATRIARCH_BOSS
1780851438,24,1,POTION.FLEX_POTION,Flex Potion,elite,ENCOUNTER.DECIMILLIPEDE_ELITE
1780851438,27,1,POTION.STABLE_SERUM,Stable Serum,elite,ENCOUNTER.ENTOMANCER_ELITE
1780851438,31,1,POTION.SPEED_POTION,Speed Potion,elite,ENCOUNTER.INFESTED_PRISMS_ELITE
1780851438,33,1,POTION.SHACKLING_POTION,Shackling Potion,boss,ENCOUNTER.KAISER_CRAB_BOSS
1780767913,14,1,POTION.BLOCK_POTION,Block Potion,elite,ENCOUNTER.PHROG_PARASITE_ELITE
1780767913,17,1,POTION.MAZALETHS_GIFT,Mazaleths Gift,boss,ENCOUNTER.VANTOM_BOSS
1780767913,17,2,POTION.KINGS_COURAGE,Kings Courage,boss,ENCOUNTER.VANTOM_BOSS
1780767913,21,1,POTION.WEAK_POTION,Weak Potion,monster,ENCOUNTER.CHOMPERS_NORMAL
1780767913,24,1,POTION.DEXTERITY_POTION,Dexterity Potion,elite,ENCOUNTER.ENTOMANCER_ELITE
1780767913,27,1,POTION.RADIANT_TINCTURE,Radiant Tincture,elite,ENCOUNTER.DECIMILLIPEDE_ELITE
1780767913,30,1,POTION.POTION_SHAPED_ROCK,Potion Shaped Rock,monster,ENCOUNTER.SLUMBERING_BEETLE_NORMAL
1780767913,30,2,POTION.POTION_SHAPED_ROCK,Potion Shaped Rock,monster,ENCOUNTER.SLUMBERING_BEETLE_NORMAL
1780767913,33,1,POTION.FYSH_OIL,Fysh Oil,boss,ENCOUNTER.KNOWLEDGE_DEMON_BOSS
1780767913,36,1,POTION.POTION_SHAPED_ROCK,Potion Shaped Rock,monster,ENCOUNTER.SCROLLS_OF_BITING_WEAK
1780767913,37,1,POTION.POTION_SHAPED_ROCK,Potion Shaped Rock,unknown,EVENT.BATTLEWORN_DUMMY
1780767913,43,1,POTION.SHACKLING_POTION,Shackling Potion,elite,ENCOUNTER.KNIGHTS_ELITE
1780767913,46,1,POTION.FOUL_POTION,Foul Potion,shop,
1780767913,46,2,POTION.FOUL_POTION,Foul Potion,shop,
1780767913,46,3,POTION.FOUL_POTION,Foul Potion,shop,
1780767913,48,1,POTION.DEXTERITY_POTION,Dexterity Potion,boss,ENCOUNTER.DOORMAKER_BOSS
1780767913,48,2,POTION.DISTILLED_CHAOS,Distilled Chaos,boss,ENCOUNTER.DOORMAKER_BOSS
1780767913,48,3,POTION.STAR_POTION,Star Potion,boss,ENCOUNTER.DOORMAKER_BOSS
1780767913,48,4,POTION.ENERGY_POTION,Energy Potion,boss,ENCOUNTER.DOORMAKER_BOSS
1780767913,48,5,POTION.POTION_SHAPED_ROCK,Potion Shaped Rock,boss,ENCOUNTER.DOORMAKER_BOSS
1780694464,16,1,POTION.BLOCK_POTION,Block Potion,boss,ENCOUNTER.VANTOM_BOSS
1780694464,25,1,POTION.STRENGTH_POTION,Strength Potion,elite,ENCOUNTER.INFESTED_PRISMS_ELITE
1780694464,29,1,POTION.ENERGY_POTION,Energy Potion,elite,ENCOUNTER.DECIMILLIPEDE_ELITE
1780694464,29,2,POTION.WEAK_POTION,Weak Potion,elite,ENCOUNTER.DECIMILLIPEDE_ELITE
1780694464,31,1,POTION.LIQUID_BRONZE,Liquid Bronze,boss,ENCOUNTER.THE_INSATIABLE_BOSS
1780694464,31,2,POTION.ENTROPIC_BREW,Entropic Brew,boss,ENCOUNTER.THE_INSATIABLE_BOSS
1780694464,31,3,POTION.SKILL_POTION,Skill Potion,boss,ENCOUNTER.THE_INSATIABLE_BOSS
1780694464,31,4,POTION.FLEX_POTION,Flex Potion,boss,ENCOUNTER.THE_INSATIABLE_BOSS
1780694464,45,1,POTION.SHIP_IN_A_BOTTLE,Ship In A Bottle,boss,ENCOUNTER.TEST_SUBJECT_BOSS
1780694464,45,2,POTION.STAR_POTION,Star Potion,boss,ENCOUNTER.TEST_SUBJECT_BOSS
1780694464,45,3,POTION.SWIFT_POTION,Swift Potion,boss,ENCOUNTER.TEST_SUBJECT_BOSS
1780601072,6,1,POTION.ATTACK_POTION,Attack Potion,monster,ENCOUNTER.CUBEX_CONSTRUCT_NORMAL
1780601072,9,1,POTION.HEART_OF_IRON,Heart Of Iron,elite,ENCOUNTER.BYRDONIS_ELITE
1780601072,11,1,POTION.ENERGY_POTION,Energy Potion,elite,ENCOUNTER.PHROG_PARASITE_ELITE
1780601072,29,1,POTION.ENERGY_POTION,Energy Potion,elite,ENCOUNTER.DECIMILLIPEDE_ELITE
1780601072,31,1,POTION.MAZALETHS_GIFT,Mazaleths Gift,elite,ENCOUNTER.INFESTED_PRISMS_ELITE
1780601072,31,2,POTION.WEAK_POTION,Weak Potion,elite,ENCOUNTER.INFESTED_PRISMS_ELITE
1780601072,38,1,POTION.POWER_POTION,Power Potion,monster,ENCOUNTER.SLIMED_BERSERKER_NORMAL
1780601072,42,1,POTION.EXPLOSIVE_AMPOULE,Explosive Ampoule,monster,ENCOUNTER.AXEBOTS_NORMAL
1780601072,48,1,POTION.STABLE_SERUM,Stable Serum,boss,ENCOUNTER.TEST_SUBJECT_BOSS
1780601072,48,2,POTION.DISTILLED_CHAOS,Distilled Chaos,boss,ENCOUNTER.TEST_SUBJECT_BOSS
1780601072,48,3,POTION.BLESSING_OF_THE_FORGE,Blessing Of The Forge,boss,ENCOUNTER.TEST_SUBJECT_BOSS
1780440192,10,1,POTION.FIRE_POTION,Fire Potion,elite,ENCOUNTER.PHROG_PARASITE_ELITE
1780440192,14,1,POTION.WEAK_POTION,Weak Potion,elite,ENCOUNTER.BYRDONIS_ELITE
1780440192,16,1,POTION.SPEED_POTION,Speed Potion,boss,ENCOUNTER.CEREMONIAL_BEAST_BOSS
1780440192,18,1,POTION.POISON_POTION,Poison Potion,monster,ENCOUNTER.THIEVING_HOPPER_WEAK
1780440192,19,1,POTION.EXPLOSIVE_AMPOULE,Explosive Ampoule,monster,ENCOUNTER.EXOSKELETONS_WEAK
1780440192,20,1,POTION.STABLE_SERUM,Stable Serum,unknown,ENCOUNTER.CHOMPERS_NORMAL
1780440192,21,1,POTION.SPEED_POTION,Speed Potion,unknown,ENCOUNTER.THE_OBSCURA_NORMAL
1780440192,27,1,POTION.RADIANT_TINCTURE,Radiant Tincture,unknown,ENCOUNTER.MYTES_NORMAL
1780440192,28,1,POTION.SPEED_POTION,Speed Potion,elite,ENCOUNTER.DECIMILLIPEDE_ELITE
1780440192,35,1,POTION.FOUL_POTION,Foul Potion,unknown,
1780440192,35,2,POTION.FOUL_POTION,Foul Potion,unknown,
1780440192,35,3,POTION.FOUL_POTION,Foul Potion,unknown,
1780440192,40,1,POTION.ATTACK_POTION,Attack Potion,elite,ENCOUNTER.SOUL_NEXUS_ELITE
1780440192,45,1,POTION.SKILL_POTION,Skill Potion,boss,ENCOUNTER.TEST_SUBJECT_BOSS
1780440192,45,2,POTION.STRENGTH_POTION,Strength Potion,boss,ENCOUNTER.TEST_SUBJECT_BOSS
1780440192,45,3,POTION.FLEX_POTION,Flex Potion,boss,ENCOUNTER.TEST_SUBJECT_BOSS
1780436527,8,1,POTION.FYSH_OIL,Fysh Oil,elite,ENCOUNTER.PHROG_PARASITE_ELITE
1780436527,13,1,POTION.SKILL_POTION,Skill Potion,elite,ENCOUNTER.BYGONE_EFFIGY_ELITE
1780436527,16,1,POTION.SPEED_POTION,Speed Potion,boss,ENCOUNTER.VANTOM_BOSS
1780436527,16,2,POTION.STRENGTH_POTION,Strength Potion,boss,ENCOUNTER.VANTOM_BOSS
1780436527,26,1,POTION.ATTACK_POTION,Attack Potion,monster,ENCOUNTER.CHOMPERS_NORMAL
1780436527,26,2,POTION.POISON_POTION,Poison Potion,monster,ENCOUNTER.CHOMPERS_NORMAL
1780436527,26,3,POTION.FLEX_POTION,Flex Potion,monster,ENCOUNTER.CHOMPERS_NORMAL
1780414616,9,1,POTION.SPEED_POTION,Speed Potion,elite,ENCOUNTER.BYGONE_EFFIGY_ELITE
1780414616,40,1,POTION.BLOCK_POTION,Block Potion,elite,ENCOUNTER.SOUL_NEXUS_ELITE
1780414616,42,1,POTION.CLARITY,Clarity,elite,ENCOUNTER.KNIGHTS_ELITE
1780414616,48,1,POTION.FYSH_OIL,Fysh Oil,boss,ENCOUNTER.QUEEN_BOSS
1780414616,48,2,POTION.TOUCH_OF_INSANITY,Touch Of Insanity,boss,ENCOUNTER.QUEEN_BOSS
1780414616,48,3,POTION.DUPLICATOR,Duplicator,boss,ENCOUNTER.QUEEN_BOSS
1780339506,8,1,POTION.LUCKY_TONIC,Lucky Tonic,elite,ENCOUNTER.BYGONE_EFFIGY_ELITE
1780339506,11,1,POTION.EXPLOSIVE_AMPOULE,Explosive Ampoule,monster,ENCOUNTER.RUBY_RAIDERS_NORMAL
1780339506,12,1,POTION.TOUCH_OF_INSANITY,Touch Of Insanity,elite,ENCOUNTER.BYRDONIS_ELITE
1780339506,12,2,POTION.WEAK_POTION,Weak Potion,elite,ENCOUNTER.BYRDONIS_ELITE
1780319118,6,1,POTION.FIRE_POTION,Fire Potion,monster,ENCOUNTER.CULTISTS_NORMAL
1780319118,12,1,POTION.BOTTLED_POTENTIAL,Bottled Potential,elite,ENCOUNTER.TERROR_EEL_ELITE
1780319118,12,2,POTION.POT_OF_GHOULS,Pot Of Ghouls,elite,ENCOUNTER.TERROR_EEL_ELITE
1780319118,24,1,POTION.POWER_POTION,Power Potion,monster,ENCOUNTER.HUNTER_KILLER_NORMAL
1780319118,25,1,POTION.EXPLOSIVE_AMPOULE,Explosive Ampoule,monster,ENCOUNTER.EXOSKELETONS_NORMAL
1780319118,27,1,POTION.BLOCK_POTION,Block Potion,monster,ENCOUNTER.BOWLBUGS_NORMAL
1780319118,31,1,POTION.SWIFT_POTION,Swift Potion,elite,ENCOUNTER.INFESTED_PRISMS_ELITE
1780319118,33,1,POTION.OROBIC_ACID,Orobic Acid,boss,ENCOUNTER.KAISER_CRAB_BOSS
1780319118,46,1,POTION.OROBIC_ACID,Orobic Acid,elite,ENCOUNTER.SOUL_NEXUS_ELITE
1780319118,46,2,POTION.POWER_POTION,Power Potion,elite,ENCOUNTER.SOUL_NEXUS_ELITE
1780270025,8,1,POTION.POWER_POTION,Power Potion,elite,ENCOUNTER.TERROR_EEL_ELITE
1780270025,8,2,POTION.COLORLESS_POTION,Colorless Potion,elite,ENCOUNTER.TERROR_EEL_ELITE
1780270025,16,1,POTION.ENERGY_POTION,Energy Potion,boss,ENCOUNTER.SOUL_FYSH_BOSS
1780270025,31,1,POTION.POWER_POTION,Power Potion,boss,ENCOUNTER.THE_INSATIABLE_BOSS
1780270025,31,2,POTION.COLORLESS_POTION,Colorless Potion,boss,ENCOUNTER.THE_INSATIABLE_BOSS
1780270025,39,1,POTION.SKILL_POTION,Skill Potion,elite,ENCOUNTER.SOUL_NEXUS_ELITE
1780270025,39,2,POTION.SWIFT_POTION,Swift Potion,elite,ENCOUNTER.SOUL_NEXUS_ELITE
1780270025,45,1,POTION.SWIFT_POTION,Swift Potion,boss,ENCOUNTER.DOORMAKER_BOSS
1780266320,10,1,POTION.VULNERABLE_POTION,Vulnerable Potion,elite,ENCOUNTER.BYRDONIS_ELITE
1780266320,16,1,POTION.OROBIC_ACID,Orobic Acid,boss,ENCOUNTER.VANTOM_BOSS
1780266320,20,1,POTION.SKILL_POTION,Skill Potion,monster,ENCOUNTER.OVICOPTER_NORMAL
1780266320,21,1,POTION.SWIFT_POTION,Swift Potion,monster,ENCOUNTER.EXOSKELETONS_NORMAL
1780229507,15,1,POTION.POTION_OF_DOOM,Potion Of Doom,elite,ENCOUNTER.BYGONE_EFFIGY_ELITE
1780229507,17,1,POTION.LIQUID_BRONZE,Liquid Bronze,boss,ENCOUNTER.VANTOM_BOSS
1780229507,27,1,POTION.DEXTERITY_POTION,Dexterity Potion,elite,ENCOUNTER.INFESTED_PRISMS_ELITE
1780229507,33,1,POTION.STRENGTH_POTION,Strength Potion,boss,ENCOUNTER.KAISER_CRAB_BOSS
1780229507,33,2,POTION.SHACKLING_POTION,Shackling Potion,boss,ENCOUNTER.KAISER_CRAB_BOSS
1780170424,8,1,POTION.FIRE_POTION,Fire Potion,elite,ENCOUNTER.BYRDONIS_ELITE
1780170424,12,1,POTION.POWER_POTION,Power Potion,elite,ENCOUNTER.BYGONE_EFFIGY_ELITE
1780170424,23,1,POTION.BEETLE_JUICE,Beetle Juice,monster,ENCOUNTER.LOUSE_PROGENITOR_NORMAL
1780170424,31,1,POTION.SKILL_POTION,Skill Potion,elite,ENCOUNTER.ENTOMANCER_ELITE
1780170424,33,1,POTION.BLESSING_OF_THE_FORGE,Blessing Of The Forge,boss,ENCOUNTER.KNOWLEDGE_DEMON_BOSS
1780170424,33,2,POTION.ENERGY_POTION,Energy Potion,boss,ENCOUNTER.KNOWLEDGE_DEMON_BOSS
1780170424,40,1,POTION.FLEX_POTION,Flex Potion,elite,ENCOUNTER.KNIGHTS_ELITE
1780170424,48,1,POTION.DEXTERITY_POTION,Dexterity Potion,boss,ENCOUNTER.DOORMAKER_BOSS
1780170424,48,2,POTION.WEAK_POTION,Weak Potion,boss,ENCOUNTER.DOORMAKER_BOSS
1780170424,48,3,POTION.CURE_ALL,Cure All,boss,ENCOUNTER.DOORMAKER_BOSS
1780138064,12,1,POTION.BLOCK_POTION,Block Potion,monster,ENCOUNTER.TWO_TAILED_RATS_NORMAL
1780138064,12,2,POTION.VULNERABLE_POTION,Vulnerable Potion,monster,ENCOUNTER.TWO_TAILED_RATS_NORMAL
1780138064,15,1,POTION.POWER_POTION,Power Potion,elite,ENCOUNTER.PHANTASMAL_GARDENERS_ELITE
1780138064,15,2,POTION.ENERGY_POTION,Energy Potion,elite,ENCOUNTER.PHANTASMAL_GARDENERS_ELITE
1780138064,17,1,POTION.WEAK_POTION,Weak Potion,boss,ENCOUNTER.SOUL_FYSH_BOSS
1780138064,25,1,POTION.DUPLICATOR,Duplicator,elite,ENCOUNTER.DECIMILLIPEDE_ELITE
1780138064,25,2,POTION.POTION_OF_DOOM,Potion Of Doom,elite,ENCOUNTER.DECIMILLIPEDE_ELITE
1780138064,42,1,POTION.SWIFT_POTION,Swift Potion,elite,ENCOUNTER.SOUL_NEXUS_ELITE
1780138064,42,2,POTION.SKILL_POTION,Skill Potion,elite,ENCOUNTER.SOUL_NEXUS_ELITE
1780138064,42,3,POTION.STRENGTH_POTION,Strength Potion,elite,ENCOUNTER.SOUL_NEXUS_ELITE
1780138064,44,1,POTION.COLORLESS_POTION,Colorless Potion,elite,ENCOUNTER.MECHA_KNIGHT_ELITE
1780138064,48,1,POTION.CLARITY,Clarity,boss,ENCOUNTER.TEST_SUBJECT_BOSS
1780138064,48,2,POTION.STRENGTH_POTION,Strength Potion,boss,ENCOUNTER.TEST_SUBJECT_BOSS
1780138064,48,3,POTION.VULNERABLE_POTION,Vulnerable Potion,boss,ENCOUNTER.TEST_SUBJECT_BOSS
1780097816,10,1,POTION.POTION_SHAPED_ROCK,Potion Shaped Rock,elite,ENCOUNTER.TERROR_EEL_ELITE
1780097816,12,1,POTION.POTION_SHAPED_ROCK,Potion Shaped Rock,monster,ENCOUNTER.GREMLIN_MERC_NORMAL
1780097816,16,1,POTION.COLORLESS_POTION,Colorless Potion,boss,ENCOUNTER.SOUL_FYSH_BOSS
1780097816,21,1,POTION.SKILL_POTION,Skill Potion,monster,ENCOUNTER.SLUMBERING_BEETLE_NORMAL
1780097816,26,1,POTION.ATTACK_POTION,Attack Potion,elite,ENCOUNTER.DECIMILLIPEDE_ELITE
1780097816,26,2,POTION.SNECKO_OIL,Snecko Oil,elite,ENCOUNTER.DECIMILLIPEDE_ELITE
1780097816,29,1,POTION.SWIFT_POTION,Swift Potion,elite,ENCOUNTER.ENTOMANCER_ELITE
1780097816,31,1,POTION.POTION_SHAPED_ROCK,Potion Shaped Rock,boss,ENCOUNTER.THE_INSATIABLE_BOSS
1780097816,31,2,POTION.POTION_SHAPED_ROCK,Potion Shaped Rock,boss,ENCOUNTER.THE_INSATIABLE_BOSS
1780097816,31,3,POTION.POWDERED_DEMISE,Powdered Demise,boss,ENCOUNTER.THE_INSATIABLE_BOSS
1780097816,33,1,POTION.POTION_SHAPED_ROCK,Potion Shaped Rock,monster,ENCOUNTER.SCROLLS_OF_BITING_WEAK
1780097816,39,1,POTION.POTION_SHAPED_ROCK,Potion Shaped Rock,elite,ENCOUNTER.MECHA_KNIGHT_ELITE
1780097816,42,1,POTION.EXPLOSIVE_AMPOULE,Explosive Ampoule,monster,ENCOUNTER.AXEBOTS_NORMAL
1780097816,45,1,POTION.MAZALETHS_GIFT,Mazaleths Gift,boss,ENCOUNTER.DOORMAKER_BOSS
1780097816,45,2,POTION.GIGANTIFICATION_POTION,Gigantification Potion,boss,ENCOUNTER.DOORMAKER_BOSS
1780097816,45,3,POTION.ENERGY_POTION,Energy Potion,boss,ENCOUNTER.DOORMAKER_BOSS
1780093606,16,1,POTION.POWER_POTION,Power Potion,boss,ENCOUNTER.SOUL_FYSH_BOSS
1780093606,16,2,POTION.POT_OF_GHOULS,Pot Of Ghouls,boss,ENCOUNTER.SOUL_FYSH_BOSS
1780093606,26,1,POTION.SWIFT_POTION,Swift Potion,elite,ENCOUNTER.ENTOMANCER_ELITE
1780093606,29,1,POTION.DEXTERITY_POTION,Dexterity Potion,elite,ENCOUNTER.DECIMILLIPEDE_ELITE
1780093606,29,2,POTION.HEART_OF_IRON,Heart Of Iron,elite,ENCOUNTER.DECIMILLIPEDE_ELITE
1780093606,31,1,POTION.DEXTERITY_POTION,Dexterity Potion,boss,ENCOUNTER.KNOWLEDGE_DEMON_BOSS
1780089985,13,1,POTION.SKILL_POTION,Skill Potion,elite,ENCOUNTER.PHANTASMAL_GARDENERS_ELITE
1780089985,16,1,POTION.WEAK_POTION,Weak Potion,boss,ENCOUNTER.WATERFALL_GIANT_BOSS
1780089985,23,1,POTION.POWER_POTION,Power Potion,elite,ENCOUNTER.ENTOMANCER_ELITE
1780089985,25,1,POTION.VULNERABLE_POTION,Vulnerable Potion,monster,ENCOUNTER.THE_OBSCURA_NORMAL
1780084060,8,1,POTION.FLEX_POTION,Flex Potion,elite,ENCOUNTER.BYGONE_EFFIGY_ELITE
1780084060,12,1,POTION.POWDERED_DEMISE,Powdered Demise,elite,ENCOUNTER.BYRDONIS_ELITE
1780084060,14,1,POTION.FRUIT_JUICE,Fruit Juice,monster,ENCOUNTER.RUBY_RAIDERS_NORMAL
1780084060,17,1,POTION.BLOCK_POTION,Block Potion,boss,ENCOUNTER.CEREMONIAL_BEAST_BOSS
1780084060,17,2,POTION.CLARITY,Clarity,boss,ENCOUNTER.CEREMONIAL_BEAST_BOSS
1780084060,24,1,POTION.FYSH_OIL,Fysh Oil,elite,ENCOUNTER.DECIMILLIPEDE_ELITE
1780084060,33,1,POTION.TOUCH_OF_INSANITY,Touch Of Insanity,boss,ENCOUNTER.KNOWLEDGE_DEMON_BOSS
1780084060,33,2,POTION.POTION_OF_BINDING,Potion Of Binding,boss,ENCOUNTER.KNOWLEDGE_DEMON_BOSS
1780084060,40,1,POTION.ENERGY_POTION,Energy Potion,elite,ENCOUNTER.MECHA_KNIGHT_ELITE
1780084060,43,1,POTION.POTION_SHAPED_ROCK,Potion Shaped Rock,elite,ENCOUNTER.KNIGHTS_ELITE
1780084060,46,1,POTION.POTION_SHAPED_ROCK,Potion Shaped Rock,monster,ENCOUNTER.THE_LOST_AND_FORGOTTEN_NORMAL
1780084060,48,1,POTION.LIQUID_BRONZE,Liquid Bronze,boss,ENCOUNTER.DOORMAKER_BOSS
1780084060,48,2,POTION.POTION_SHAPED_ROCK,Potion Shaped Rock,boss,ENCOUNTER.DOORMAKER_BOSS
1780084060,48,3,POTION.COLORLESS_POTION,Colorless Potion,boss,ENCOUNTER.DOORMAKER_BOSS
1780084060,48,4,POTION.STRENGTH_POTION,Strength Potion,boss,ENCOUNTER.DOORMAKER_BOSS
1780084060,48,5,POTION.FLEX_POTION,Flex Potion,boss,ENCOUNTER.DOORMAKER_BOSS
1780009910,17,1,POTION.CLARITY,Clarity,boss,ENCOUNTER.WATERFALL_GIANT_BOSS
1780009910,17,2,POTION.BLOCK_POTION,Block Potion,boss,ENCOUNTER.WATERFALL_GIANT_BOSS
1780009910,22,1,POTION.DROPLET_OF_PRECOGNITION,Droplet Of Precognition,monster,ENCOUNTER.EXOSKELETONS_NORMAL
1779839177,9,1,POTION.VULNERABLE_POTION,Vulnerable Potion,elite,ENCOUNTER.TERROR_EEL_ELITE
1779839177,15,1,POTION.EXPLOSIVE_AMPOULE,Explosive Ampoule,elite,ENCOUNTER.PHANTASMAL_GARDENERS_ELITE
1779839177,33,1,POTION.ATTACK_POTION,Attack Potion,boss,ENCOUNTER.THE_INSATIABLE_BOSS
1779839177,33,2,POTION.VULNERABLE_POTION,Vulnerable Potion,boss,ENCOUNTER.THE_INSATIABLE_BOSS
1779836830,12,1,POTION.WEAK_POTION,Weak Potion,elite,ENCOUNTER.SKULKING_COLONY_ELITE
1779728092,8,1,POTION.REGEN_POTION,Regen Potion,monster,ENCOUNTER.MAWLER_NORMAL
1779728092,17,1,POTION.RADIANT_TINCTURE,Radiant Tincture,boss,ENCOUNTER.CEREMONIAL_BEAST_BOSS
1779728092,17,2,POTION.DEXTERITY_POTION,Dexterity Potion,boss,ENCOUNTER.CEREMONIAL_BEAST_BOSS
1779728092,17,3,POTION.VULNERABLE_POTION,Vulnerable Potion,boss,ENCOUNTER.CEREMONIAL_BEAST_BOSS
1779728092,22,1,POTION.ENERGY_POTION,Energy Potion,monster,ENCOUNTER.OVICOPTER_NORMAL
1779725866,8,1,POTION.SKILL_POTION,Skill Potion,elite,ENCOUNTER.SKULKING_COLONY_ELITE
1779725866,8,2,POTION.ATTACK_POTION,Attack Potion,elite,ENCOUNTER.SKULKING_COLONY_ELITE
1779725866,14,1,POTION.DUPLICATOR,Duplicator,elite,ENCOUNTER.PHANTASMAL_GARDENERS_ELITE
1779725866,16,1,POTION.FRUIT_JUICE,Fruit Juice,rest_site,
1779725866,17,1,POTION.SKILL_POTION,Skill Potion,boss,ENCOUNTER.LAGAVULIN_MATRIARCH_BOSS
1779568127,17,1,POTION.BEETLE_JUICE,Beetle Juice,boss,ENCOUNTER.LAGAVULIN_MATRIARCH_BOSS
1779568127,17,2,POTION.GIGANTIFICATION_POTION,Gigantification Potion,boss,ENCOUNTER.LAGAVULIN_MATRIARCH_BOSS
1779568127,22,1,POTION.EXPLOSIVE_AMPOULE,Explosive Ampoule,monster,ENCOUNTER.OVICOPTER_NORMAL
1779568127,25,1,POTION.WEAK_POTION,Weak Potion,elite,ENCOUNTER.ENTOMANCER_ELITE
1779568127,28,1,POTION.REGEN_POTION,Regen Potion,monster,ENCOUNTER.SPINY_TOAD_NORMAL
1779568127,33,1,POTION.WEAK_POTION,Weak Potion,boss,ENCOUNTER.KNOWLEDGE_DEMON_BOSS
1779568127,33,2,POTION.BOTTLED_POTENTIAL,Bottled Potential,boss,ENCOUNTER.KNOWLEDGE_DEMON_BOSS
1779568127,43,1,POTION.FORTIFIER,Fortifier,elite,ENCOUNTER.MECHA_KNIGHT_ELITE
1779568127,48,1,POTION.FLEX_POTION,Flex Potion,boss,ENCOUNTER.QUEEN_BOSS
1779568127,48,2,POTION.ENERGY_POTION,Energy Potion,boss,ENCOUNTER.QUEEN_BOSS
1779568127,48,3,POTION.ENERGY_POTION,Energy Potion,boss,ENCOUNTER.QUEEN_BOSS
1779536512,22,1,POTION.BLOCK_POTION,Block Potion,monster,ENCOUNTER.SPINY_TOAD_NORMAL
1779536512,33,1,POTION.WEAK_POTION,Weak Potion,boss,ENCOUNTER.KAISER_CRAB_BOSS
1779536512,48,1,POTION.FLEX_POTION,Flex Potion,boss,ENCOUNTER.DOORMAKER_BOSS
1779536512,48,2,POTION.CLARITY,Clarity,boss,ENCOUNTER.DOORMAKER_BOSS
1779536512,48,3,POTION.SWIFT_POTION,Swift Potion,boss,ENCOUNTER.DOORMAKER_BOSS
1779485510,8,1,POTION.REGEN_POTION,Regen Potion,elite,ENCOUNTER.SKULKING_COLONY_ELITE
1779485510,13,1,POTION.COLORLESS_POTION,Colorless Potion,elite,ENCOUNTER.TERROR_EEL_ELITE
1779485510,13,2,POTION.FLEX_POTION,Flex Potion,elite,ENCOUNTER.TERROR_EEL_ELITE
1779485510,15,1,POTION.DEXTERITY_POTION,Dexterity Potion,elite,ENCOUNTER.PHANTASMAL_GARDENERS_ELITE
1779289315,7,1,POTION.OROBIC_ACID,Orobic Acid,elite,ENCOUNTER.BYGONE_EFFIGY_ELITE
1779289315,17,1,POTION.DEXTERITY_POTION,Dexterity Potion,boss,ENCOUNTER.VANTOM_BOSS
1779289315,30,1,POTION.FAIRY_IN_A_BOTTLE,Fairy In A Bottle,elite,ENCOUNTER.ENTOMANCER_ELITE
1779289315,31,1,POTION.STRENGTH_POTION,Strength Potion,monster,ENCOUNTER.SPINY_TOAD_NORMAL
1779289315,31,2,POTION.EXPLOSIVE_AMPOULE,Explosive Ampoule,monster,ENCOUNTER.SPINY_TOAD_NORMAL
1779289315,33,1,POTION.DEXTERITY_POTION,Dexterity Potion,boss,ENCOUNTER.KNOWLEDGE_DEMON_BOSS
1779289315,33,2,POTION.WEAK_POTION,Weak Potion,boss,ENCOUNTER.KNOWLEDGE_DEMON_BOSS
1779027840,11,1,POTION.FIRE_POTION,Fire Potion,monster,ENCOUNTER.CULTISTS_NORMAL
1779027840,17,1,POTION.OROBIC_ACID,Orobic Acid,boss,ENCOUNTER.LAGAVULIN_MATRIARCH_BOSS
1779027840,19,1,POTION.BLOCK_POTION,Block Potion,monster,ENCOUNTER.EXOSKELETONS_WEAK
1779027840,29,1,POTION.SPEED_POTION,Speed Potion,elite,ENCOUNTER.DECIMILLIPEDE_ELITE
1779027840,33,1,POTION.ENERGY_POTION,Energy Potion,boss,ENCOUNTER.THE_INSATIABLE_BOSS
1779027840,43,1,POTION.ENERGY_POTION,Energy Potion,elite,ENCOUNTER.SOUL_NEXUS_ELITE
1779027840,48,1,POTION.DISTILLED_CHAOS,Distilled Chaos,boss,ENCOUNTER.TEST_SUBJECT_BOSS
1779027840,48,2,POTION.RADIANT_TINCTURE,Radiant Tincture,boss,ENCOUNTER.TEST_SUBJECT_BOSS
1778959792,7,1,POTION.EXPLOSIVE_AMPOULE,Explosive Ampoule,monster,ENCOUNTER.RUBY_RAIDERS_NORMAL
1778959792,17,1,POTION.MAZALETHS_GIFT,Mazaleths Gift,boss,ENCOUNTER.THE_KIN_BOSS
1778959792,17,2,POTION.POTION_OF_BINDING,Potion Of Binding,boss,ENCOUNTER.THE_KIN_BOSS
1778959792,23,1,POTION.SHACKLING_POTION,Shackling Potion,monster,ENCOUNTER.OVICOPTER_NORMAL
1778959792,33,1,POTION.POWER_POTION,Power Potion,boss,ENCOUNTER.THE_INSATIABLE_BOSS
1778959792,33,2,POTION.VULNERABLE_POTION,Vulnerable Potion,boss,ENCOUNTER.THE_INSATIABLE_BOSS
1778959792,33,3,POTION.SPEED_POTION,Speed Potion,boss,ENCOUNTER.THE_INSATIABLE_BOSS
1778959792,39,1,POTION.VULNERABLE_POTION,Vulnerable Potion,monster,ENCOUNTER.CONSTRUCT_MENAGERIE_NORMAL
1778959792,39,2,POTION.FIRE_POTION,Fire Potion,monster,ENCOUNTER.CONSTRUCT_MENAGERIE_NORMAL
1778882821,8,1,POTION.POTION_OF_BINDING,Potion Of Binding,elite,ENCOUNTER.BYRDONIS_ELITE
1778882821,8,2,POTION.EXPLOSIVE_AMPOULE,Explosive Ampoule,elite,ENCOUNTER.BYRDONIS_ELITE
1778882821,14,1,POTION.WEAK_POTION,Weak Potion,monster,ENCOUNTER.RUBY_RAIDERS_NORMAL
1778882821,16,1,POTION.SPEED_POTION,Speed Potion,boss,ENCOUNTER.VANTOM_BOSS
1778882821,16,2,POTION.CLARITY,Clarity,boss,ENCOUNTER.VANTOM_BOSS
1778881664,11,1,POTION.FAIRY_IN_A_BOTTLE,Fairy In A Bottle,elite,ENCOUNTER.BYRDONIS_ELITE
1778861615,9,1,POTION.WEAK_POTION,Weak Potion,elite,ENCOUNTER.BYRDONIS_ELITE
1778861615,11,1,POTION.POTION_OF_BINDING,Potion Of Binding,elite,ENCOUNTER.BYGONE_EFFIGY_ELITE
1778861615,17,1,POTION.STABLE_SERUM,Stable Serum,boss,ENCOUNTER.THE_KIN_BOSS
1778861615,31,1,POTION.SPEED_POTION,Speed Potion,monster,ENCOUNTER.CHOMPERS_NORMAL
1778861615,33,1,POTION.DROPLET_OF_PRECOGNITION,Droplet Of Precognition,boss,ENCOUNTER.THE_INSATIABLE_BOSS
1778861615,33,2,POTION.ENERGY_POTION,Energy Potion,boss,ENCOUNTER.THE_INSATIABLE_BOSS
1778858329,5,1,POTION.DUPLICATOR,Duplicator,monster,ENCOUNTER.SNAPPING_JAXFRUIT_NORMAL
1778858329,12,1,POTION.ATTACK_POTION,Attack Potion,elite,ENCOUNTER.BYGONE_EFFIGY_ELITE
1778858329,17,1,POTION.LIQUID_BRONZE,Liquid Bronze,boss,ENCOUNTER.VANTOM_BOSS
1778858329,17,2,POTION.SPEED_POTION,Speed Potion,boss,ENCOUNTER.VANTOM_BOSS
1778858329,23,1,POTION.VULNERABLE_POTION,Vulnerable Potion,monster,ENCOUNTER.SPINY_TOAD_NORMAL
1778156892,6,1,POTION.POISON_POTION,Poison Potion,unknown,ENCOUNTER.CORPSE_SLUGS_NORMAL
1778156892,7,1,POTION.SKILL_POTION,Skill Potion,elite,ENCOUNTER.PHANTASMAL_GARDENERS_ELITE
1778156892,14,1,POTION.POTION_SHAPED_ROCK,Potion Shaped Rock,elite,ENCOUNTER.SKULKING_COLONY_ELITE
1778156892,17,1,POTION.POTION_SHAPED_ROCK,Potion Shaped Rock,boss,ENCOUNTER.SOUL_FYSH_BOSS
1778156892,17,2,POTION.POTION_SHAPED_ROCK,Potion Shaped Rock,boss,ENCOUNTER.SOUL_FYSH_BOSS
1778156892,19,1,POTION.POTION_SHAPED_ROCK,Potion Shaped Rock,monster,ENCOUNTER.THIEVING_HOPPER_WEAK
1778156892,20,1,POTION.EXPLOSIVE_AMPOULE,Explosive Ampoule,monster,ENCOUNTER.EXOSKELETONS_WEAK
1778156892,21,1,POTION.POTION_SHAPED_ROCK,Potion Shaped Rock,monster,ENCOUNTER.CHOMPERS_NORMAL
1778156892,23,1,POTION.DROPLET_OF_PRECOGNITION,Droplet Of Precognition,monster,ENCOUNTER.THE_OBSCURA_NORMAL
1778156892,24,1,POTION.SPEED_POTION,Speed Potion,elite,ENCOUNTER.INFESTED_PRISMS_ELITE
1778156892,24,2,POTION.POTION_SHAPED_ROCK,Potion Shaped Rock,elite,ENCOUNTER.INFESTED_PRISMS_ELITE
1778156892,24,3,POTION.POTION_SHAPED_ROCK,Potion Shaped Rock,elite,ENCOUNTER.INFESTED_PRISMS_ELITE
1778156892,30,1,POTION.STABLE_SERUM,Stable Serum,monster,ENCOUNTER.SPINY_TOAD_NORMAL
1778156892,30,2,POTION.POTION_SHAPED_ROCK,Potion Shaped Rock,monster,ENCOUNTER.SPINY_TOAD_NORMAL
1778156892,33,1,POTION.ATTACK_POTION,Attack Potion,boss,ENCOUNTER.THE_INSATIABLE_BOSS
1778156892,33,2,POTION.POTION_SHAPED_ROCK,Potion Shaped Rock,boss,ENCOUNTER.THE_INSATIABLE_BOSS
1778156892,33,3,POTION.POTION_SHAPED_ROCK,Potion Shaped Rock,boss,ENCOUNTER.THE_INSATIABLE_BOSS
1778103252,11,1,POTION.POWER_POTION,Power Potion,elite,ENCOUNTER.PHROG_PARASITE_ELITE
1778103252,14,1,POTION.BLOCK_POTION,Block Potion,monster,ENCOUNTER.RUBY_RAIDERS_NORMAL
1778103252,14,2,POTION.CURE_ALL,Cure All,monster,ENCOUNTER.RUBY_RAIDERS_NORMAL
1777933157,12,1,POTION.DEXTERITY_POTION,Dexterity Potion,monster,ENCOUNTER.VINE_SHAMBLER_NORMAL
1777912244,5,1,POTION.SPEED_POTION,Speed Potion,monster,ENCOUNTER.FOGMOG_NORMAL
1777287675,8,1,POTION.RADIANT_TINCTURE,Radiant Tincture,elite,ENCOUNTER.PHANTASMAL_GARDENERS_ELITE
1777287675,15,1,POTION.ENERGY_POTION,Energy Potion,elite,ENCOUNTER.SKULKING_COLONY_ELITE
1777287675,17,1,POTION.REGEN_POTION,Regen Potion,boss,ENCOUNTER.WATERFALL_GIANT_BOSS
1777287675,17,2,POTION.FIRE_POTION,Fire Potion,boss,ENCOUNTER.WATERFALL_GIANT_BOSS
1777211740,9,1,POTION.MAZALETHS_GIFT,Mazaleths Gift,elite,ENCOUNTER.PHANTASMAL_GARDENERS_ELITE
1777210949,7,1,POTION.STRENGTH_POTION,Strength Potion,elite,ENCOUNTER.BYRDONIS_ELITE
1777166549,9,1,POTION.LIQUID_BRONZE,Liquid Bronze,elite,ENCOUNTER.PHANTASMAL_GARDENERS_ELITE
1777166549,9,2,POTION.ENERGY_POTION,Energy Potion,elite,ENCOUNTER.PHANTASMAL_GARDENERS_ELITE
1777152249,8,1,POTION.SWIFT_POTION,Swift Potion,elite,ENCOUNTER.PHROG_PARASITE_ELITE
1777152249,8,2,POTION.FIRE_POTION,Fire Potion,elite,ENCOUNTER.PHROG_PARASITE_ELITE
1777152249,12,1,POTION.POWER_POTION,Power Potion,elite,ENCOUNTER.BYGONE_EFFIGY_ELITE
1777152249,17,1,POTION.POWER_POTION,Power Potion,boss,ENCOUNTER.THE_KIN_BOSS
1777152249,28,1,POTION.REGEN_POTION,Regen Potion,monster,ENCOUNTER.SPINY_TOAD_NORMAL
1777152249,31,1,POTION.VULNERABLE_POTION,Vulnerable Potion,elite,ENCOUNTER.ENTOMANCER_ELITE
1777152249,33,1,POTION.COLORLESS_POTION,Colorless Potion,boss,ENCOUNTER.KAISER_CRAB_BOSS
1777152249,33,2,POTION.FORTIFIER,Fortifier,boss,ENCOUNTER.KAISER_CRAB_BOSS
1777152249,33,3,POTION.FYSH_OIL,Fysh Oil,boss,ENCOUNTER.KAISER_CRAB_BOSS
1777152249,40,1,POTION.FYSH_OIL,Fysh Oil,unknown,EVENT.BATTLEWORN_DUMMY
1777152249,45,1,POTION.FORTIFIER,Fortifier,elite,ENCOUNTER.MECHA_KNIGHT_ELITE
1777152249,48,1,POTION.DEXTERITY_POTION,Dexterity Potion,boss,ENCOUNTER.TEST_SUBJECT_BOSS
1777152249,48,2,POTION.VULNERABLE_POTION,Vulnerable Potion,boss,ENCOUNTER.TEST_SUBJECT_BOSS
1777144157,11,1,POTION.SWIFT_POTION,Swift Potion,monster,ENCOUNTER.SNAPPING_JAXFRUIT_NORMAL
1776985643,7,1,POTION.POTION_OF_BINDING,Potion Of Binding,elite,ENCOUNTER.PHROG_PARASITE_ELITE
1776985643,10,1,POTION.FIRE_POTION,Fire Potion,elite,ENCOUNTER.BYGONE_EFFIGY_ELITE
1776985643,13,1,POTION.BLOCK_POTION,Block Potion,elite,ENCOUNTER.BYRDONIS_ELITE
1776985643,16,1,POTION.BLOCK_POTION,Block Potion,boss,ENCOUNTER.CEREMONIAL_BEAST_BOSS
1776985643,23,1,POTION.FOUL_POTION,Foul Potion,shop,
1776985643,23,2,POTION.FOUL_POTION,Foul Potion,shop,
1776985643,25,1,POTION.STRENGTH_POTION,Strength Potion,elite,ENCOUNTER.ENTOMANCER_ELITE
1776985643,25,2,POTION.FLEX_POTION,Flex Potion,elite,ENCOUNTER.ENTOMANCER_ELITE
1776985643,25,3,POTION.CURE_ALL,Cure All,elite,ENCOUNTER.ENTOMANCER_ELITE
1776985643,29,1,POTION.CURE_ALL,Cure All,elite,ENCOUNTER.INFESTED_PRISMS_ELITE
1776985643,31,1,POTION.STABLE_SERUM,Stable Serum,boss,ENCOUNTER.KNOWLEDGE_DEMON_BOSS
1776985643,42,1,POTION.DEXTERITY_POTION,Dexterity Potion,elite,ENCOUNTER.KNIGHTS_ELITE
1776985643,45,1,POTION.GIGANTIFICATION_POTION,Gigantification Potion,boss,ENCOUNTER.QUEEN_BOSS
1776985643,45,2,POTION.DUPLICATOR,Duplicator,boss,ENCOUNTER.QUEEN_BOSS
1776985643,45,3,POTION.SPEED_POTION,Speed Potion,boss,ENCOUNTER.QUEEN_BOSS
1776981016,11,1,POTION.FIRE_POTION,Fire Potion,unknown,ENCOUNTER.NIBBITS_NORMAL
1776981016,16,1,POTION.SWIFT_POTION,Swift Potion,boss,ENCOUNTER.VANTOM_BOSS
1776981016,16,2,POTION.STRENGTH_POTION,Strength Potion,boss,ENCOUNTER.VANTOM_BOSS
1776981016,16,3,POTION.ENERGY_POTION,Energy Potion,boss,ENCOUNTER.VANTOM_BOSS
1776981016,22,1,POTION.FLEX_POTION,Flex Potion,monster,ENCOUNTER.OVICOPTER_NORMAL
1776981016,29,1,POTION.GAMBLERS_BREW,Gamblers Brew,monster,ENCOUNTER.SPINY_TOAD_NORMAL
1776981016,31,1,POTION.SKILL_POTION,Skill Potion,boss,ENCOUNTER.THE_INSATIABLE_BOSS
